Stock quote and option quote for QQQ on 4/24/22 13:28:53,,,,,,,,,,,,,,,,,,,,,,,,,,,,,,,,,,,,,
UNDERLYING,,,,,,,,,,,,,,,,,,,,,,,,,,,,,,,,,,,,,
LAST,LX,Net Chng,BID,BX,ASK,AX,Size,Volume,Open,High,Low,,,,,,,,,,,,,,,,,,,,,,,,,,
325.4,Q,-8.75,324.22,P,324.25,P,65 x 200,82562145,334.31,335.56,324.96,,,,,,,,,,,,,,,,,,,,,,,,,,
UNDERLYING EXTRA INFO,,,,,,,,,,,,,,,,,,,,,,,,,,,,,,,,,,,,,
Last Size,Yield,PE,Div,Div.Freq,Ex Div.Date,52High,52Low,Shares,Beta,,,,,,,,,,,,,,,,,,,,,,,,,,,,
0,0.53%,N/A,0.4337,Q,3/21/2022,408.71,316,362750000,1.038,,,,,,,,,,,,,,,,,,,,,,,,,,,,
25 APR 22  (1)  100 (Weeklys),,,,,,,,,,,,,,,,,,,,,,,,,,,,,,,,,,,,,
,,LAST,LX,Net Chng,%Change,AS,BS,Open,Volume,Open.Int,Delta,Impl Vol,Low,High,BID,BX,ASK,AX,Exp,Strike,BID,BX,ASK,AX,LAST,LX,Net Chng,%Change,AS,BS,Open,Volume,Open.Int,Delta,Impl Vol,Low,High
,,55.95,M,N/A,N/A,50,50,58.4,2,0,0.93,209.04%,55.95,58.4,54.36,X,54.72,X,4/25/2022,270,0,D,0.02,X,0.04,N,N/A,N/A,200,0,0.01,12,0,0,121.60%,0.01,0.04
,,47.72,X,N/A,N/A,50,50,53,9,0,0.94,168.84%,45.9,53,44.38,X,44.73,X,4/25/2022,280,0.01,Q,0.02,Z,0.02,M,0,0.00%,7,424,0.01,18,189,0,102.61%,0.01,0.02
,,0,,0,N/A,50,50,0,0,0,0.94,149.12%,0,0,39.37,X,39.73,X,4/25/2022,285,0.02,Z,0.04,X,0.06,Q,0,0.00%,215,97,0,0,203,-0.01,98.59%,0,0
,,36.94,N,-9.51,-20.47%,50,50,36.94,10,1,0.94,138.53%,36.94,36.94,36.39,X,36.74,X,4/25/2022,288,0.02,Z,0.05,X,0.02,H,-0.01,-33.33%,429,302,0.02,5,10,-0.01,93.10%,0.02,0.02
,,0,,0,N/A,50,50,0,0,0,0.94,134.53%,0,0,35.38,X,35.74,X,4/25/2022,289,0.02,Q,0.05,X,0.02,X,-0.01,-33.33%,405,322,0.03,4,53,-0.01,90.79%,0.02,0.03
,,38.22,I,-8.73,-18.59%,50,50,39.62,4,40,0.94,130.81%,38.22,39.62,34.38,X,34.74,X,4/25/2022,290,0.02,Q,0.05,X,0.03,Z,0.01,50.00%,397,352,0.03,11,636,-0.01,88.14%,0.02,0.03
,,0,,0,N/A,50,50,0,0,0,0.94,127.11%,0,0,33.39,X,33.73,X,4/25/2022,291,0.03,Z,0.05,Z,0.03,I,0,0.00%,299,103,0.02,16,20,-0.01,87.12%,0.02,0.03
,,33.1,Q,N/A,N/A,150,50,33.1,2,0,0.94,124.20%,33.1,33.1,32.4,X,32.75,Q,4/25/2022,292,0.03,Z,0.05,Z,0.03,E,0,0.00%,337,281,0.02,53,32,-0.01,84.65%,0.02,0.03
,,51.97,M,0,0.00%,300,50,0,0,5,0.94,120.29%,0,0,31.39,X,31.75,E,4/25/2022,293,0.03,Q,0.06,X,0.04,I,0.01,33.33%,397,308,0.02,15,9,-0.01,83.43%,0.02,0.04
,,0,,0,N/A,50,50,0,0,0,0.94,116.66%,0,0,30.4,X,30.74,X,4/25/2022,294,0.03,X,0.06,Z,0.03,I,N/A,N/A,343,492,0.04,2,0,-0.01,81.07%,0.03,0.04
,,0,,0,N/A,300,50,0,0,0,0.93,113.78%,0,0,29.41,X,29.76,E,4/25/2022,295,0.04,Z,0.06,Z,0.06,M,0.02,50.00%,272,234,0.03,37,152,-0.01,79.67%,0.01,0.06
,,0,,0,N/A,300,50,0,0,0,0.93,109.93%,0,0,28.4,X,28.76,E,4/25/2022,296,0.04,X,0.07,X,0.05,P,0.02,66.67%,381,442,0.04,105,1,-0.01,78.16%,0.04,0.06
,,0,,0,N/A,50,167,0,0,0,0.93,106.83%,0,0,27.42,I,27.76,X,4/25/2022,297,0.05,Z,0.07,Z,0.06,I,N/A,N/A,334,293,0.04,7,0,-0.01,76.54%,0.04,0.06
,,30.65,C,N/A,N/A,300,50,30.65,1,0,0.93,103.26%,30.65,30.65,26.41,X,26.77,E,4/25/2022,298,0.05,E,0.08,X,0.05,C,-0.11,-68.75%,376,435,0.05,1138,5,-0.01,74.82%,0.04,0.06
,,0,,0,N/A,300,50,0,0,0,0.93,100.42%,0,0,25.43,X,25.78,E,4/25/2022,299,0.06,Z,0.09,E,0.06,N,0.01,20.00%,394,277,0.03,367,4,-0.02,73.75%,0.03,0.07
,,26.3,Q,-11.36,-30.16%,50,305,34.34,33,6,0.93,96.41%,25.9,34.34,24.43,E,24.76,X,4/25/2022,300,0.08,N,0.09,Z,0.07,I,0.02,40.00%,337,20,0.04,3678,859,-0.02,72.47%,0.02,0.08
,,0,,0,N/A,50,50,0,0,0,0.93,93.79%,0,0,23.45,X,23.78,X,4/25/2022,301,0.07,E,0.1,Z,0.06,C,0,0.00%,332,475,0.04,1205,30,-0.02,69.81%,0.03,0.07
,,0,,0,N/A,50,50,0,0,0,0.93,90.48%,0,0,22.45,X,22.79,X,4/25/2022,302,0.08,E,0.11,Z,0.09,E,0.05,125.00%,328,457,0.05,1068,72,-0.02,68.32%,0.05,0.09
,,0,,0,N/A,50,50,0,0,0,0.93,87.18%,0,0,21.46,X,21.79,X,4/25/2022,303,0.09,E,0.12,Z,0.09,N,0.03,50.00%,324,483,0.05,50,60,-0.02,66.68%,0.04,0.09
,,0,,0,N/A,300,50,0,0,0,0.92,84.94%,0,0,20.48,X,20.83,E,4/25/2022,304,0.1,E,0.13,Z,0.12,E,0.07,140.00%,250,508,0.05,28,185,-0.03,64.92%,0.05,0.12
,,20.1,T,-9.79,-32.75%,150,300,29.65,239,47,0.92,81.61%,20.1,29.65,19.49,E,19.83,Q,4/25/2022,305,0.12,E,0.15,Z,0.15,I,0.1,200.00%,307,314,0.07,993,547,-0.03,63.88%,0.04,0.15
,,22.8,J,-6.39,-21.89%,50,50,20.25,8,3,0.92,78.88%,20.25,22.81,18.51,X,18.85,X,4/25/2022,306,0.14,E,0.17,Z,0.15,W,0.09,150.00%,300,309,0.05,98,43,-0.04,62.58%,0.05,0.15
,,21.6,J,N/A,N/A,272,300,24.44,28,0,0.91,76.09%,19.99,24.44,17.53,E,17.87,E,4/25/2022,307,0.16,E,0.19,Z,0.18,M,0.11,157.14%,255,324,0.06,156,83,-0.04,61.06%,0.05,0.18
,,20.57,Z,N/A,N/A,150,277,21.07,19,0,0.91,73.81%,20,21.8,16.57,E,16.9,Q,4/25/2022,308,0.19,E,0.22,Z,0.2,M,0.12,150.00%,227,309,0.1,443,53,-0.05,59.94%,0.05,0.22
,,0,,0,N/A,300,50,0,0,0,0.9,71.25%,0,0,15.59,X,15.94,E,4/25/2022,309,0.23,Z,0.26,Z,0.18,D,0.1,125.00%,241,205,0.09,777,257,-0.06,59.07%,0.08,0.19
,,16.1,Z,-18.34,-53.25%,276,50,23.28,4,2,0.89,68.93%,16.1,23.28,14.63,X,14.98,E,4/25/2022,310,0.27,Z,0.3,Z,0.3,X,0.18,150.00%,241,18,0.1,3321,649,-0.07,57.84%,0.07,0.3
,,0,,0,N/A,50,50,0,0,0,0.88,66.79%,0,0,13.69,X,14.02,X,4/25/2022,311,0.31,E,0.34,Z,0.32,C,0.22,220.00%,6,258,0.08,632,460,-0.08,56.32%,0.08,0.35
,,19.48,Z,N/A,N/A,258,50,19.29,6,0,0.87,64.92%,19.29,19.48,12.75,X,13.09,E,4/25/2022,312,0.39,P,0.41,Z,0.4,C,0.28,233.33%,155,1,0.15,1390,44,-0.09,55.87%,0.09,0.41
,,20.52,I,-5.5,-21.14%,243,297,20.52,1,19,0.86,62.97%,20.52,20.52,11.83,E,12.15,E,4/25/2022,313,0.44,E,0.48,N,0.48,Z,0.33,220.00%,10,429,0.11,1021,126,-0.1,54.40%,0.1,0.5
,,0,,0,N/A,257,289,0,0,0,0.84,61.42%,0,0,10.92,E,11.25,E,4/25/2022,314,0.55,I,0.58,Z,0.55,Z,0.38,223.53%,150,69,0.1,1993,422,-0.12,53.98%,0.1,0.58
,,10.16,M,-9.27,-47.71%,254,287,17.41,13,10,0.83,59.80%,10.16,17.41,10.03,E,10.35,E,4/25/2022,315,0.64,E,0.68,N,0.7,E,0.5,250.00%,5,192,0.13,11449,855,-0.14,52.75%,0.11,0.71
,,10.38,P,N/A,N/A,267,313,11.41,2,0,0.8,58.40%,10.38,11.41,9.15,E,9.49,E,4/25/2022,316,0.76,E,0.82,Q,0.79,C,0.57,259.09%,93,229,0.25,724,711,-0.17,51.98%,0.14,0.82
,,8.95,M,-19.04,-68.02%,125,171,11.45,39,8,0.78,57.13%,8.95,11.45,8.31,E,8.64,E,4/25/2022,317,0.91,E,0.97,Z,0.97,C,0.74,321.74%,53,312,0.23,1435,244,-0.19,51.13%,0.14,1
,,7.57,A,-16.98,-69.16%,129,281,13.4,44,9,0.75,55.92%,7.57,13.4,7.49,E,7.82,E,4/25/2022,318,1.09,E,1.15,Z,1.12,C,0.8,250.00%,43,182,0.2,3086,407,-0.23,50.37%,0.19,1.18
,,6.83,C,-12.51,-64.68%,134,287,9.2,117,12,0.72,54.77%,6.83,9.5,6.7,E,7.03,E,4/25/2022,319,1.33,Z,1.36,Z,1.36,T,0.98,257.89%,44,58,0.28,4704,318,-0.26,49.88%,0.2,1.38
,,6.12,D,-8.5,-58.14%,152,256,14.79,264,24,0.69,53.81%,5.99,15.08,5.96,E,6.27,E,4/25/2022,320,1.58,Q,1.61,I,1.59,C,1.09,218.00%,54,42,0.31,13398,1391,-0.3,49.20%,0.25,1.66
,,5.42,I,-8.41,-60.81%,158,192,7.81,84,1,0.65,52.86%,5.42,7.81,5.25,C,5.55,E,4/25/2022,321,1.84,N,1.89,Z,1.88,M,1.4,291.67%,47,6,0.33,2010,400,-0.34,48.24%,0.31,1.93
,,4.63,N,-10.22,-68.82%,164,145,12.46,92,14,0.61,52.03%,4.63,12.46,4.58,E,4.88,E,4/25/2022,322,2.15,Z,2.22,Z,2.17,I,1.57,261.67%,46,76,0.4,6615,623,-0.38,47.43%,0.35,2.27
,,4.12,A,-10.51,-71.84%,113,33,7.31,144,8,0.56,51.48%,4.12,7.99,4.02,Z,4.22,Z,4/25/2022,323,2.51,Z,2.6,Z,2.52,P,1.89,300.00%,45,77,0.47,7443,172,-0.43,46.70%,0.39,2.63
,,3.46,E,-7.32,-67.90%,11,41,11.58,435,37,0.52,50.28%,3.44,11.58,3.44,Z,3.58,P,4/25/2022,324,2.93,Z,3.03,I,2.96,N,2.13,256.63%,47,67,0.55,7096,718,-0.48,46.08%,0.48,3.08
,,2.97,C,-6.91,-69.94%,42,45,8.44,3902,31,0.47,49.72%,2.87,8.58,2.95,Z,3.03,Z,4/25/2022,325,3.36,Z,3.56,Z,3.4,T,2.43,250.52%,68,71,0.79,31566,5020,-0.53,45.51%,0.58,3.57
,,2.48,M,-6.42,-72.13%,88,56,9.07,6829,114,0.42,48.90%,2.42,9.34,2.45,Z,2.55,I,4/25/2022,326,3.83,E,4.09,Z,4.04,N,2.94,267.27%,102,150,0.85,18709,925,-0.59,44.46%,0.78,4.09
,,2.08,C,-6.02,-74.32%,17,46,9,6427,103,0.37,48.09%,1.99,9,2.02,Z,2.1,N,4/25/2022,327,4.38,E,4.68,E,4.56,E,3.26,250.77%,126,168,0.94,25261,7392,-0.64,43.65%,0.87,4.63
,,1.66,C,-6.82,-80.42%,16,68,7,15152,202,0.32,47.36%,1.59,7.16,1.64,Z,1.71,I,4/25/2022,328,4.99,E,5.29,E,5.17,Q,3.62,233.55%,113,190,1.28,22959,1025,-0.69,42.57%,1,5.28
,,1.35,C,-5.77,-81.04%,1,1,5.69,9454,61,0.28,46.91%,1.31,7,1.34,N,1.37,E,4/25/2022,329,5.65,E,5.97,Q,5.88,W,4.11,232.20%,115,189,1.5,16542,3742,-0.75,41.55%,1.18,5.88
,,1.09,X,-5.08,-82.33%,16,58,6.06,23418,350,0.24,46.08%,1.02,6.46,1.03,Z,1.09,I,4/25/2022,330,6.36,E,6.69,E,6.66,I,4.56,217.14%,123,204,1.8,31674,5144,-0.8,40.33%,1.38,6.66
,,0.86,E,-4.74,-84.64%,47,76,5.53,5943,54,0.2,45.65%,0.8,5.8,0.8,Z,0.86,Z,4/25/2022,331,7.13,E,7.46,E,7.3,Q,4.89,202.90%,131,181,2.07,10670,822,-0.84,39.10%,1.67,7.46
,,0.65,P,-4.04,-86.14%,54,71,4.52,10367,120,0.16,45.12%,0.61,5.24,0.61,Z,0.66,Z,4/25/2022,332,7.94,E,8.26,X,8.26,I,5.06,158.13%,50,322,2.43,12180,2573,-0.89,37.37%,1.98,8.26
,,0.51,C,-3.71,-87.91%,107,47,4.34,9248,201,0.13,44.96%,0.46,4.64,0.47,Z,0.51,Z,4/25/2022,333,8.78,E,9.11,X,8.92,A,5.51,161.58%,50,326,2.8,7538,1123,-0.93,35.05%,2.29,9.05
,,0.35,M,-3.23,-90.22%,100,46,3.55,8897,354,0.1,44.74%,0.34,4.06,0.35,Z,0.39,N,4/25/2022,334,9.66,E,9.99,X,9.98,N,6.08,155.90%,50,315,3.2,6133,1846,-0.97,31.26%,2.66,9.98
,,0.27,E,-2.81,-91.23%,99,1,3,20761,944,0.08,44.88%,0.25,3.55,0.28,E,0.29,Z,4/25/2022,335,10.56,E,10.9,X,10.82,N,6.76,166.50%,50,317,3.79,11758,5356,-1,--,3.01,10.91
,,0.21,Q,-2.42,-92.02%,116,126,2.79,7887,893,0.06,44.45%,0.18,3,0.19,Z,0.22,Z,4/25/2022,336,11.49,E,11.83,X,11.5,P,6.93,151.64%,50,316,4.19,679,2212,-1,--,3.6,11.5
,,0.15,A,-2.03,-93.12%,2,141,1.98,14126,626,0.05,44.06%,0.13,2.5,0.14,Z,0.15,D,4/25/2022,337,12.44,E,12.79,X,12.56,X,6.99,125.49%,50,315,4.97,925,1619,-1,--,4.02,12.56
,,0.11,X,-1.48,-93.08%,221,218,1.6,5050,924,0.04,44.77%,0.1,2.05,0.1,Q,0.13,Z,4/25/2022,338,13.42,E,13.76,X,13,C,7,116.67%,50,316,5.14,2553,1104,-1,--,5.03,13
,,0.08,A,-1.15,-93.50%,194,197,1.42,3183,1114,0.03,45.31%,0.07,1.67,0.08,Z,0.1,Z,4/25/2022,339,14.37,E,14.72,X,14.18,J,7.7,118.83%,50,314,6.08,750,1052,-1,--,5.2,14.18
,,0.07,I,-1.13,-94.17%,243,122,1.06,14313,3522,0.02,45.85%,0.05,1.35,0.06,Z,0.08,Z,4/25/2022,340,15.35,E,15.72,E,15.5,N,8.49,121.11%,315,318,6.84,3323,4316,-1,--,5.96,15.72
,,0.04,A,-0.86,-95.56%,242,263,0.92,3086,1787,0.02,45.80%,0.04,1.07,0.04,Q,0.06,Z,4/25/2022,341,16.34,E,16.69,X,16.48,I,8.42,104.47%,50,317,7.64,210,1081,-1,--,6.66,16.48
,,0.04,E,-0.63,-94.03%,326,278,0.68,4056,1686,0.01,46.62%,0.03,0.84,0.03,Q,0.05,Z,4/25/2022,342,17.33,E,17.67,I,15.64,A,6.7,74.94%,150,317,8.1,318,1291,-1,--,8.1,16.2
,,0.04,X,-0.55,-93.22%,699,309,0.54,2849,1502,0.01,45.91%,0.03,0.65,0.02,Q,0.03,P,4/25/2022,343,18.32,X,18.68,X,17.9,C,7.9,79.00%,50,50,8.85,183,1404,-1,--,8.63,17.9
,,0.03,A,-0.37,-92.50%,1,100,0.36,2592,1709,0.01,47.97%,0.03,0.5,0.02,Z,0.03,N,4/25/2022,344,19.31,E,19.67,X,15.75,C,5.78,57.97%,50,312,10.07,105,902,-1,--,9.49,18.15
,,0.03,X,-0.3,-90.91%,331,361,0.28,4158,3617,0.01,48.71%,0.02,0.4,0.01,Q,0.03,Q,4/25/2022,345,20.31,E,20.65,X,19.55,E,7.5,62.24%,50,317,11.05,275,1598,-1,--,10.63,19.55
,,0.01,E,-0.23,-95.83%,4,277,0.21,1968,1749,0.01,49.15%,0.01,0.27,0.01,Q,0.02,N,4/25/2022,346,21.3,E,21.66,E,20.89,P,8.64,70.53%,301,312,12.05,64,912,-1,--,10.84,20.89
,,0.01,A,-0.18,-94.74%,338,128,0.19,914,1806,0.01,51.06%,0.01,0.2,0.01,Z,0.02,Z,4/25/2022,347,22.3,E,22.66,E,20.12,C,7.12,54.77%,302,316,12.48,106,783,-1,--,11.72,20.92
,,0.02,M,-0.14,-87.50%,175,0,0.12,2016,1819,0,50.88%,0.01,0.15,0,M,0.02,W,4/25/2022,348,23.31,E,23.64,X,20.45,M,6.85,50.37%,50,314,14.1,34,934,-1,--,13.58,21.08
,,0.01,M,-0.12,-92.31%,348,0,0.1,386,1015,0,52.69%,0.01,0.12,0,M,0.02,X,4/25/2022,349,24.3,E,24.64,X,22,C,7.11,47.75%,50,316,16.43,34,445,-1,--,14.77,22
,,0.01,I,-0.08,-88.89%,419,51,0.08,1664,2801,0.01,56.69%,0.01,0.1,0.01,Z,0.02,X,4/25/2022,350,25.3,E,25.64,X,21.44,E,5.44,34.00%,50,315,15.5,382,1002,-1,--,14.66,23.88
,,0.01,Z,-0.07,-87.50%,471,0,0.04,192,608,0,56.27%,0.01,0.07,0,J,0.02,W,4/25/2022,351,26.29,E,26.64,X,23.5,C,7.03,42.68%,50,312,18.39,67,442,-1,--,17.34,24.81
,,0.01,E,-0.05,-83.33%,487,3,0.04,304,1490,0,60.41%,0.01,0.05,0.01,Z,0.02,X,4/25/2022,352,27.29,E,27.65,E,24.88,E,8.9,55.69%,292,312,19.94,23,343,-1,--,19.94,24.88
,,0.01,Z,-0.05,-83.33%,497,0,0.04,429,443,0,59.81%,0.01,0.04,0,M,0.02,X,4/25/2022,353,28.29,E,28.64,X,25.99,C,7.9,43.67%,50,312,20.03,28,233,-1,--,20.03,26.9
,,0.01,M,-0.03,-75.00%,512,0,0.03,158,634,0,61.57%,0.01,0.03,0,M,0.02,X,4/25/2022,354,29.29,E,29.65,E,26.43,I,6.93,35.54%,301,316,19.51,53,474,-1,--,19.51,26.68
,,0.01,W,-0.03,-75.00%,158,0,0.01,211,840,0,59.26%,0.01,0.03,0,Z,0.01,Z,4/25/2022,355,30.3,E,30.63,X,26.58,C,5.58,26.57%,50,315,20.73,47,509,-1,--,20.6,29.05
,,0.01,E,-0.02,-66.67%,159,0,0.01,192,896,0,60.93%,0.01,0.02,0,Z,0.01,W,4/25/2022,356,31.3,E,31.63,X,29.36,A,9.7,49.34%,50,315,21.31,47,690,-1,--,21.14,29.91
,,0.01,C,-0.01,-50.00%,160,0,0.01,82,1058,0,62.59%,0.01,0.03,0,Z,0.01,W,4/25/2022,357,32.3,X,32.65,X,30.75,E,7.85,34.28%,50,50,22.9,24,227,-1,--,22.88,30.75
,,0.01,I,-0.02,-66.67%,172,0,0.02,77,804,0,64.24%,0.01,0.02,0,Z,0.01,W,4/25/2022,358,33.29,X,33.63,X,29.59,P,5.61,23.39%,50,50,24.04,37,660,-1,--,24.04,31.86
,,0.02,M,0,0.00%,182,0,0.02,3,379,0,65.88%,0.02,0.02,0,Z,0.01,W,4/25/2022,359,34.29,X,34.63,X,31.25,N,15.47,98.04%,50,50,26.91,16,110,-1,--,25.03,31.25
,,0.01,I,-0.02,-66.67%,181,0,0.01,10,539,0,67.51%,0.01,0.02,0,H,0.01,W,4/25/2022,360,35.29,X,35.63,X,33.96,C,8.06,31.12%,50,50,25.58,24,240,-1,--,25.58,33.96
,,0.01,W,-0.01,-50.00%,202,0,0.01,305,585,0,69.14%,0.01,0.01,0,C,0.01,W,4/25/2022,361,36.29,X,36.63,X,28.74,M,10.45,57.14%,50,50,26.79,2,34,-1,--,26.79,28.74
,,0.02,M,0,0.00%,215,0,0,0,379,0,70.75%,0,0,0,C,0.01,W,4/25/2022,362,37.3,X,37.63,X,36.75,M,10.69,41.02%,50,50,28,20,191,-1,--,28,36.75
,,0.01,M,0,0.00%,214,0,0.01,3,376,0,72.36%,0.01,0.01,0,Z,0.01,W,4/25/2022,363,38.29,X,38.63,X,34.5,A,7.54,27.97%,50,50,30.58,16,301,-1,--,29.01,36.64
,,0.01,P,0,0.00%,225,0,0,0,1149,0,73.96%,0,0,0,C,0.01,W,4/25/2022,364,39.29,X,39.64,X,37.64,C,8.68,29.97%,50,50,29.77,14,108,-1,--,29.77,37.64
,,0.01,D,0,0.00%,235,0,0.01,6,576,0,75.55%,0.01,0.01,0,Z,0.01,W,4/25/2022,365,40.29,X,40.63,X,39.4,P,10.54,36.52%,50,50,31.04,93,278,-1,--,31.04,39.4
,,0.01,M,0,0.00%,243,0,0,0,287,0,77.14%,0,0,0,C,0.01,W,4/25/2022,366,41.29,X,41.63,X,38.76,A,9.35,31.79%,50,50,32.78,19,117,-1,--,32.78,38.76
,,0.01,I,0,0.00%,252,0,0,0,374,0,78.72%,0,0,0,C,0.01,W,4/25/2022,367,42.29,X,42.64,X,38.44,I,13.26,52.66%,50,50,34.39,3,344,-1,--,34.39,38.44
,,0.01,T,0,0.00%,260,0,0,0,970,0,80.29%,0,0,0,C,0.01,W,4/25/2022,368,43.29,X,43.65,X,39.64,I,7.71,24.15%,50,50,35.32,4,45,-1,--,35.32,40.73
,,0.06,P,0,0.00%,266,0,0,0,56,0,81.85%,0,0,0,C,0.01,W,4/25/2022,369,44.29,X,44.65,X,41.57,M,17.39,71.92%,50,50,36.45,6,6,-1,--,36.45,41.57
,,0.01,A,0,0.00%,273,0,0.01,10,687,0,83.41%,0.01,0.01,0,C,0.01,W,4/25/2022,370,45.29,X,45.65,X,42.5,C,20.1,89.73%,50,50,42.09,74,97,-1,--,41.95,42.55
,,0.06,J,0,0.00%,278,0,0,0,20,0,84.96%,0,0,0,C,0.01,W,4/25/2022,371,46.29,X,46.65,X,43.54,I,10.27,30.87%,50,50,41.99,2,2,-1,--,41.99,43.54
,,0.02,A,0.01,100.00%,284,0,0.02,10,388,0,86.51%,0.02,0.02,0,A,0.01,W,4/25/2022,372,47.29,X,47.65,X,27.16,E,0,0.00%,50,50,0,0,5,-1,--,0,0
,,0.02,A,0,0.00%,289,0,0,0,152,0,88.05%,0,0,0,C,0.01,W,4/25/2022,373,48.29,X,48.63,X,28.02,I,0,0.00%,50,50,0,0,0,-1,--,0,0
,,0.03,I,0,0.00%,293,0,0,0,482,0,89.58%,0,0,0,C,0.01,W,4/25/2022,374,49.3,X,49.63,X,20.95,P,0,0.00%,50,50,0,0,0,-1,--,0,0
,,0.01,X,0,0.00%,298,0,0.01,5,289,0,91.10%,0.01,0.01,0,E,0.01,W,4/25/2022,375,50.29,X,50.63,X,35.36,C,0,0.00%,50,50,0,0,27,-1,--,0,0
,,0.02,A,0,0.00%,301,0,0,0,326,0,92.62%,0,0,0,C,0.01,W,4/25/2022,376,51.29,X,51.63,X,36.63,A,0,0.00%,50,50,0,0,5,-1,--,0,0
,,0,,0,N/A,304,0,0,0,0,0,94.13%,0,0,0,C,0.01,W,4/25/2022,377,52.3,X,52.63,X,38.65,M,0,0.00%,50,50,0,0,0,-1,--,0,0
,,0.01,W,0,0.00%,308,0,0,0,242,0,95.64%,0,0,0,N,0.01,W,4/25/2022,378,53.3,X,53.63,X,44.93,W,9.46,26.67%,50,50,44.93,1,1,-1,--,44.93,44.93
,,0.01,H,0,0.00%,311,0,0,0,4,0,97.14%,0,0,0,C,0.01,W,4/25/2022,379,54.29,X,54.63,X,0,,0,N/A,50,50,0,0,0,-1,--,0,0
,,0.01,W,0,0.00%,313,0,0,0,429,0,98.63%,0,0,0,C,0.01,W,4/25/2022,380,55.3,X,55.65,X,50.87,I,18.33,56.33%,50,50,50.87,2,24,-1,--,50.87,50.87
,,0.02,P,0,0.00%,315,0,0,0,1,0,100.12%,0,0,0,C,0.01,W,4/25/2022,381,56.29,X,56.65,X,0,,0,N/A,50,50,0,0,0,-1,--,0,0
,,0.01,I,0,0.00%,317,0,0,0,180,0,101.60%,0,0,0,C,0.01,W,4/25/2022,382,57.29,X,57.64,X,41.87,M,0,0.00%,50,50,0,0,17,-1,--,0,0
,,0.02,T,0,0.00%,320,0,0,0,10,0,103.08%,0,0,0,C,0.01,W,4/25/2022,383,58.29,X,58.65,X,0,,0,N/A,50,50,0,0,0,-1,--,0,0
,,0.01,W,0,0.00%,322,0,0,0,232,0,104.55%,0,0,0,C,0.01,W,4/25/2022,384,59.29,X,59.65,X,38.65,N,0,0.00%,50,50,0,0,0,-1,--,0,0
,,0.02,X,0,0.00%,370,0,0,0,257,0,106.01%,0,0,0,C,0.01,Q,4/25/2022,385,60.29,X,60.65,X,45.4,Q,0,0.00%,50,50,0,0,2,-1,--,0,0
,,0.01,Q,0,0.00%,325,0,0,0,266,0,107.47%,0,0,0,C,0.01,W,4/25/2022,386,61.29,X,61.65,X,43.65,W,0,0.00%,50,50,0,0,0,-1,--,0,0
,,0.02,P,0,0.00%,326,0,0,0,45,0,108.93%,0,0,0,C,0.01,W,4/25/2022,387,62.29,X,62.65,X,47.29,E,0,0.00%,50,50,0,0,2,-1,--,0,0
,,0.03,X,0,0.00%,327,0,0,0,50,0,110.38%,0,0,0,C,0.01,W,4/25/2022,388,63.29,X,63.65,X,45.65,E,0,0.00%,50,50,0,0,1,-1,--,0,0
,,0.01,I,0,0.00%,328,0,0,0,23,0,111.82%,0,0,0,C,0.01,W,4/25/2022,389,64.29,X,64.64,X,48.85,M,0,0.00%,50,50,0,0,0,-1,--,0,0
,,0.03,M,0,0.00%,329,0,0,0,142,0,113.26%,0,0,0,C,0.01,W,4/25/2022,390,65.29,X,65.64,X,50,E,0,0.00%,50,50,0,0,0,-1,--,0,0
,,0.03,I,0,0.00%,331,0,0,0,26,0,114.69%,0,0,0,C,0.01,W,4/25/2022,391,66.29,X,66.65,X,0,,0,N/A,50,50,0,0,0,-1,--,0,0
,,0.02,I,0,0.00%,332,0,0,0,220,0,116.12%,0,0,0,C,0.01,W,4/25/2022,392,67.29,X,67.64,X,0,,0,N/A,50,50,0,0,0,-1,--,0,0
,,0.09,M,0,0.00%,333,0,0,0,131,0,117.54%,0,0,0,C,0.01,W,4/25/2022,393,68.29,X,68.64,X,0,,0,N/A,50,50,0,0,0,-1,--,0,0
,,0.04,X,0,0.00%,333,0,0,0,41,0,118.96%,0,0,0,J,0.01,W,4/25/2022,394,69.29,X,69.65,X,0,,0,N/A,50,50,0,0,0,-1,--,0,0
,,0.01,W,0,0.00%,334,0,0,0,27,0,120.37%,0,0,0,J,0.01,W,4/25/2022,395,70.29,X,70.65,X,46.43,E,0,0.00%,50,50,0,0,0,-1,--,0,0
,,0.29,N,0,0.00%,334,0,0,0,2,0,121.77%,0,0,0,Z,0.01,W,4/25/2022,396,71.29,X,71.65,X,0,,0,N/A,50,50,0,0,0,-1,--,0,0
,,0.01,I,0,0.00%,335,0,0,0,25,0,123.17%,0,0,0,J,0.01,W,4/25/2022,397,72.29,X,72.65,X,0,,0,N/A,50,50,0,0,0,-1,--,0,0
,,0,,0,N/A,335,0,0,0,0,0,124.57%,0,0,0,Z,0.01,W,4/25/2022,398,73.29,X,73.65,X,34.39,I,0,0.00%,50,50,0,0,0,-1,--,0,0
,,0.51,C,0,0.00%,336,0,0,0,2,0,125.96%,0,0,0,C,0.01,W,4/25/2022,399,74.29,X,74.65,X,30.27,N,0,0.00%,50,50,0,0,0,-1,--,0,0
,,0.01,X,0,0.00%,336,0,0,0,113,0,127.35%,0,0,0,C,0.01,W,4/25/2022,400,75.29,X,75.65,X,0,,0,N/A,50,50,0,0,0,-1,--,0,0
,,0.02,N,0,0.00%,337,0,0,0,5,0,128.73%,0,0,0,C,0.01,W,4/25/2022,401,76.29,X,76.65,X,0,,0,N/A,50,50,0,0,0,-1,--,0,0
,,0.01,I,0,0.00%,337,0,0,0,80,0,130.11%,0,0,0,C,0.01,W,4/25/2022,402,77.29,X,77.65,X,0,,0,N/A,50,50,0,0,0,-1,--,0,0
,,0.04,M,0,0.00%,337,0,0,0,3,0,131.48%,0,0,0,C,0.01,W,4/25/2022,403,78.29,X,78.65,X,0,,0,N/A,50,50,0,0,0,-1,--,0,0
,,0.26,I,0,0.00%,337,0,0,0,31,0,132.84%,0,0,0,C,0.01,W,4/25/2022,404,79.29,X,79.65,X,64.81,W,0,0.00%,50,50,0,0,1,-1,--,0,0
,,0.09,I,0,0.00%,338,0,0,0,26,0,134.21%,0,0,0,C,0.01,W,4/25/2022,405,80.29,X,80.65,X,0,,0,N/A,50,50,0,0,0,-1,--,0,0
,,0,,0,N/A,338,0,0,0,0,0,135.56%,0,0,0,C,0.01,W,4/25/2022,406,81.29,X,81.65,X,0,,0,N/A,50,50,0,0,0,-1,--,0,0
,,0,,0,N/A,338,0,0,0,0,0,136.92%,0,0,0,C,0.01,W,4/25/2022,407,82.3,X,82.63,X,0,,0,N/A,50,50,0,0,0,-1,--,0,0
,,0.17,W,0,0.00%,338,0,0,0,1,0,138.27%,0,0,0,C,0.01,W,4/25/2022,408,83.29,X,83.63,X,0,,0,N/A,50,50,0,0,0,-1,--,0,0
,,0,,0,N/A,338,0,0,0,0,0,139.61%,0,0,0,C,0.01,W,4/25/2022,409,84.29,X,84.63,X,0,,0,N/A,50,50,0,0,0,-1,--,0,0
,,0,,0,N/A,338,0,0,0,0,0,140.95%,0,0,0,C,0.01,W,4/25/2022,410,85.29,X,85.65,X,59.2,N,0,0.00%,50,50,0,0,0,-1,--,0,0
,,0,,0,N/A,338,0,0,0,0,0,142.29%,0,0,0,C,0.01,W,4/25/2022,411,86.29,X,86.65,X,0,,0,N/A,50,50,0,0,0,-1,--,0,0
,,0,,0,N/A,339,0,0,0,0,0,143.62%,0,0,0,C,0.01,W,4/25/2022,412,87.29,X,87.65,X,0,,0,N/A,50,50,0,0,0,-1,--,0,0
,,0,,0,N/A,339,0,0,0,0,0,144.95%,0,0,0,C,0.01,W,4/25/2022,413,88.29,X,88.65,X,0,,0,N/A,50,50,0,0,0,-1,--,0,0
,,0,,0,N/A,339,0,0,0,0,0,146.27%,0,0,0,C,0.01,W,4/25/2022,414,89.29,X,89.65,X,77.81,D,0,0.00%,50,50,0,0,0,-1,--,0,0
,,0,,0,N/A,339,0,0,0,0,0,147.59%,0,0,0,C,0.01,W,4/25/2022,415,90.29,X,90.65,X,0,,0,N/A,50,50,0,0,0,-1,--,0,0
,,0,,0,N/A,339,0,0,0,0,0,148.91%,0,0,0,C,0.01,W,4/25/2022,416,91.29,X,91.65,X,0,,0,N/A,50,50,0,0,0,-1,--,0,0
,,0,,0,N/A,339,0,0,0,0,0,150.22%,0,0,0,Z,0.01,W,4/25/2022,417,92.29,X,92.65,X,0,,0,N/A,50,50,0,0,0,-1,--,0,0
,,0,,0,N/A,339,0,0,0,0,0,151.52%,0,0,0,Z,0.01,W,4/25/2022,418,93.29,X,93.65,X,0,,0,N/A,50,50,0,0,0,-1,--,0,0
,,0,,0,N/A,339,0,0,0,0,0,152.82%,0,0,0,Z,0.01,W,4/25/2022,419,94.29,X,94.65,X,0,,0,N/A,50,50,0,0,0,-1,--,0,0
,,0,,0,N/A,339,0,0,0,0,0,154.12%,0,0,0,Z,0.01,W,4/25/2022,420,95.29,X,95.65,X,0,,0,N/A,50,50,0,0,0,-1,--,0,0
,,0,,0,N/A,339,0,0,0,0,0,166.88%,0,0,0,C,0.01,W,4/25/2022,430,105.29,N,105.68,I,0,,0,N/A,17,8,0,0,0,-1,--,0,0
,,0,,0,N/A,340,0,0,0,0,0,179.26%,0,0,0,J,0.01,W,4/25/2022,440,115.28,I,115.68,C,0,,0,N/A,14,17,0,0,0,-1,--,0,0
27 APR 22  (3)  100 (Weeklys),,,,,,,,,,,,,,,,,,,,,,,,,,,,,,,,,,,,,
,,LAST,LX,Net Chng,%Change,AS,BS,Open,Volume,Open.Int,Delta,Impl Vol,Low,High,BID,BX,ASK,AX,Exp,Strike,BID,BX,ASK,AX,LAST,LX,Net Chng,%Change,AS,BS,Open,Volume,Open.Int,Delta,Impl Vol,Low,High
,,0,,0,N/A,50,50,0,0,0,0.93,122.04%,0,0,54.42,X,54.77,X,4/27/2022,270,0.04,Z,0.06,Z,0.06,I,N/A,N/A,306,107,0.03,87,0,-0.01,82.27%,0.03,0.06
,,0,,0,N/A,50,50,0,0,0,0.93,110.18%,0,0,49.43,X,49.77,X,4/27/2022,275,0.05,I,0.08,Z,0.05,M,0.02,66.67%,349,240,0.04,402,530,-0.01,77.30%,0.04,0.05
,,62.53,M,0,0.00%,50,50,0,0,1,0.93,99.33%,0,0,44.44,X,44.81,X,4/27/2022,280,0.08,Z,0.11,X,0.06,W,0.01,20.00%,407,312,0.05,20,16,-0.01,73.37%,0.05,0.07
,,0,,0,N/A,50,50,0,0,0,0.93,89.26%,0,0,39.49,X,39.84,X,4/27/2022,285,0.11,E,0.14,Z,0.12,I,0.07,140.00%,340,450,0.06,5,27,-0.02,68.20%,0.06,0.12
,,0,,0,N/A,50,50,0,0,0,0.93,83.51%,0,0,36.52,X,36.87,X,4/27/2022,288,0.15,I,0.17,T,0.12,X,0.08,200.00%,250,75,0.12,8,10,-0.02,65.91%,0.12,0.12
,,0,,0,N/A,50,50,0,0,0,0.93,81.62%,0,0,35.53,X,35.88,X,4/27/2022,289,0.16,Z,0.19,E,0.13,I,0.05,62.50%,360,94,0.07,4,4,-0.02,65.21%,0.07,0.13
,,0,,0,N/A,50,50,0,0,0,0.93,79.86%,0,0,34.55,X,34.89,X,4/27/2022,290,0.18,I,0.2,Z,0.2,X,0.11,122.22%,285,75,0.08,767,297,-0.03,64.42%,0.07,0.2
,,0,,0,N/A,50,50,0,0,0,0.93,78.10%,0,0,33.56,X,33.91,X,4/27/2022,291,0.18,E,0.22,Z,0.05,M,0,0.00%,322,491,0,0,1,-0.03,63.29%,0,0
,,33.7,N,N/A,N/A,50,50,34.3,2,0,0.93,76.48%,33.7,34.3,32.58,X,32.93,X,4/27/2022,292,0.2,E,0.24,Z,0.13,M,N/A,N/A,305,442,0.1,130,0,-0.03,62.62%,0.1,0.13
,,35.73,C,N/A,N/A,50,50,36.07,2,0,0.93,74.85%,35.73,36.07,31.6,X,31.95,X,4/27/2022,293,0.22,E,0.26,Z,0.13,M,0.06,85.71%,317,474,0.1,33,1,-0.03,61.86%,0.07,0.13
,,0,,0,N/A,50,50,0,0,0,0.92,73.46%,0,0,30.64,X,30.97,X,4/27/2022,294,0.24,E,0.28,Z,0.16,X,0.1,166.67%,312,332,0.09,86,3,-0.04,61.02%,0.09,0.2
,,39.08,C,-18.22,-31.80%,150,50,39.08,1,1,0.92,71.94%,39.08,39.08,29.66,X,30,Q,4/27/2022,295,0.27,Z,0.3,Z,0.23,C,0.1,76.92%,269,69,0.13,128,121,-0.04,60.30%,0.11,0.23
,,0,,0,N/A,50,50,0,0,0,0.92,70.28%,0,0,28.68,X,29.02,X,4/27/2022,296,0.3,P,0.33,Z,0.14,N,0,0.00%,268,9,0,0,3,-0.04,59.67%,0,0
,,0,,0,N/A,164,50,0,0,0,0.92,68.95%,0,0,27.71,X,28.06,E,4/27/2022,297,0.32,E,0.36,Z,0.31,B,0.23,287.50%,266,344,0.14,6,2,-0.05,58.76%,0.14,0.31
,,0,,0,N/A,50,50,0,0,0,0.91,67.37%,0,0,26.74,X,27.08,X,4/27/2022,298,0.36,P,0.39,Z,0.4,I,0.3,300.00%,231,9,0.17,25,7,-0.05,58.10%,0.16,0.4
,,0,,0,N/A,50,50,0,0,0,0.91,66.10%,0,0,25.78,X,26.12,X,4/27/2022,299,0.4,Z,0.43,Z,0.4,X,0.3,300.00%,262,261,0.16,3250,1,-0.06,57.48%,0.14,0.41
,,25,Q,-14.07,-36.01%,167,50,28.28,28,16,0.9,65.30%,24.9,28.28,24.86,X,25.17,E,4/27/2022,300,0.44,E,0.48,Z,0.49,B,0.32,188.24%,228,430,0.16,1265,502,-0.06,56.89%,0.14,0.49
,,0,,0,N/A,50,50,0,0,0,0.9,63.82%,0,0,23.88,X,24.22,X,4/27/2022,301,0.49,Z,0.53,E,0.41,E,0.28,215.38%,252,215,0.17,27,6,-0.07,56.29%,0.16,0.41
,,0,,0,N/A,163,50,0,0,0,0.89,62.79%,0,0,22.94,X,23.28,E,4/27/2022,302,0.54,E,0.58,Z,0.5,E,0.3,150.00%,211,403,0.21,17,7,-0.08,55.57%,0.21,0.5
,,0,,0,N/A,50,50,0,0,0,0.89,61.60%,0,0,21.99,X,22.34,X,4/27/2022,303,0.6,E,0.64,Z,0.66,I,0.53,407.69%,206,386,0.37,10,3,-0.08,54.95%,0.37,0.66
,,0,,0,N/A,50,50,0,0,0,0.88,60.69%,0,0,21.07,X,21.41,X,4/27/2022,304,0.67,E,0.71,Z,0.7,A,0.47,204.35%,176,333,0.21,60,78,-0.09,54.42%,0.19,0.7
,,42.57,I,0,0.00%,159,50,0,0,1,0.87,59.77%,0,0,20.16,X,20.48,E,4/27/2022,305,0.75,I,0.79,E,0.75,D,0.52,226.09%,230,67,0.19,146,248,-0.1,53.93%,0.19,0.79
,,39,N,0,0.00%,164,50,0,0,3,0.86,58.83%,0,0,19.24,X,19.57,E,4/27/2022,306,0.83,E,0.87,Z,0.72,M,0.44,157.14%,165,355,0.31,16,100,-0.11,53.28%,0.31,0.72
,,0,,0,N/A,172,50,0,0,0,0.85,58.02%,0,0,18.34,X,18.67,E,4/27/2022,307,0.93,Z,0.97,Z,0.8,M,0.7,700.00%,180,109,0.3,75,175,-0.12,52.84%,0.3,0.84
,,33.2,C,0,0.00%,174,50,0,0,35,0.84,57.17%,0,0,17.45,X,17.77,E,4/27/2022,308,1.03,E,1.07,Z,1.03,N,0.68,194.29%,67,236,0.37,56,637,-0.13,52.22%,0.31,1.03
,,0,,0,N/A,200,50,0,0,0,0.83,56.54%,0,0,16.57,X,16.91,E,4/27/2022,309,1.15,E,1.2,Z,1.01,I,0.62,158.97%,148,197,0.36,86,52,-0.15,51.83%,0.34,1.01
,,19.37,C,-16.21,-45.56%,175,50,24.7,72,1,0.82,55.76%,18.5,24.7,15.71,X,16.03,E,4/27/2022,310,1.28,E,1.33,Z,1.32,N,0.93,238.46%,135,218,0.46,782,622,-0.16,51.33%,0.33,1.33
,,16.45,M,N/A,N/A,188,173,18.45,10,0,0.8,54.98%,16.45,18.45,14.83,E,15.19,E,4/27/2022,311,1.43,E,1.48,Z,1.48,Z,0.93,169.09%,124,229,0.45,361,77,-0.18,50.92%,0.36,1.48
,,16.2,N,N/A,N/A,183,143,16.2,4,0,0.79,54.34%,16.2,16.2,14,E,14.35,E,4/27/2022,312,1.59,E,1.64,Q,1.64,Z,1.12,215.38%,91,200,0.67,94,120,-0.19,50.44%,0.53,1.64
,,0,,0,N/A,170,152,0,0,0,0.77,53.72%,0,0,13.18,C,13.53,E,4/27/2022,313,1.77,E,1.82,Z,1.83,N,1.29,238.89%,59,105,0.49,106,75,-0.21,50.01%,0.49,1.83
,,29.13,T,0,0.00%,185,161,0,0,10,0.75,53.10%,0,0,12.38,E,12.72,E,4/27/2022,314,1.97,E,2.02,Z,2.03,Q,1.43,238.33%,58,58,0.77,153,317,-0.23,49.62%,0.72,2.03
,,13.93,M,-14.78,-51.48%,186,162,14.2,29,1,0.74,52.51%,13.23,14.2,11.59,E,11.94,E,4/27/2022,315,2.19,I,2.24,Z,2.21,X,1.47,198.65%,57,42,0.55,686,576,-0.25,49.24%,0.54,2.25
,,12.75,M,-6.17,-32.61%,187,120,16.07,8,10,0.72,52.05%,12.75,16.07,10.85,Q,11.17,E,4/27/2022,316,2.43,I,2.48,Z,2.5,E,1.71,216.46%,57,40,0.66,267,225,-0.27,48.86%,0.66,2.5
,,15.35,C,-3.55,-18.78%,183,153,18.38,2,1,0.69,51.44%,15.35,18.38,10.1,E,10.42,E,4/27/2022,317,2.68,I,2.74,Z,2.76,Z,1.82,193.62%,56,39,1.07,207,165,-0.3,48.41%,0.96,2.76
,,10.11,M,-16.75,-62.36%,184,152,11.38,66,6,0.67,50.93%,10.11,11.38,9.38,E,9.7,E,4/27/2022,318,2.96,I,3.02,Z,3.02,M,2,196.08%,54,75,0.84,1056,628,-0.32,48.00%,0.75,3.02
,,10.66,I,-11.48,-51.85%,184,151,11.41,10,1,0.65,50.44%,9.75,11.41,8.69,E,9,E,4/27/2022,319,3.26,Z,3.33,Z,3.35,Z,2.23,199.11%,55,19,0.96,338,241,-0.34,47.60%,0.93,3.35
,,8.15,N,-6.85,-45.67%,192,10,15.02,81,23,0.62,50.28%,8.15,15.02,8.1,N,8.32,E,4/27/2022,320,3.6,N,3.66,Z,3.64,T,2.45,205.88%,53,6,1.11,6375,2294,-0.37,47.24%,0.92,3.68
,,9.01,Z,N/A,N/A,241,104,13.17,178,0,0.6,49.50%,8.93,13.17,7.38,Q,7.68,E,4/27/2022,321,3.93,E,4.02,Z,4.03,H,2.72,207.63%,53,113,1.17,663,124,-0.4,46.75%,1.17,4.03
,,8.5,X,N/A,N/A,45,106,12.17,111,0,0.57,48.78%,7.9,12.17,6.78,Z,6.98,I,4/27/2022,322,4.31,Z,4.41,I,4.34,Z,2.78,178.21%,57,84,1.41,1782,336,-0.43,46.36%,1.34,4.4
,,6.68,Q,-6.21,-48.18%,36,22,12.49,94,15,0.54,48.48%,6.68,12.49,6.24,N,6.37,I,4/27/2022,323,4.72,Z,4.82,I,4.68,M,2.96,172.09%,55,70,1.51,572,895,-0.45,45.96%,1.36,4.68
,,5.63,Q,-9.75,-63.39%,34,59,9.69,206,12,0.52,48.11%,5.63,9.69,5.71,I,5.79,I,4/27/2022,324,5.16,X,5.29,E,5.24,T,3.21,158.13%,141,1,1.77,694,1085,-0.48,45.69%,1.66,5.26
,,5.21,C,-6.88,-56.91%,36,56,10.11,610,115,0.49,47.63%,5.14,11.5,5.17,I,5.25,N,4/27/2022,325,5.59,I,5.77,E,5.7,H,3.56,166.36%,115,30,1.88,5527,1344,-0.51,45.17%,1.7,5.7
,,4.65,X,-6.09,-56.70%,38,55,9.9,504,43,0.46,47.12%,4.65,9.9,4.65,I,4.74,Z,4/27/2022,326,6.08,I,6.25,Z,6.12,M,3.64,146.77%,63,30,2.04,1598,347,-0.55,44.65%,2.04,6.2
,,4.2,I,-6.19,-59.58%,10,56,9.7,1690,12,0.43,46.53%,4.18,9.7,4.16,I,4.24,D,4/27/2022,327,6.58,N,6.76,E,6.68,Z,4.12,160.94%,76,15,2.44,2344,679,-0.58,44.03%,2.22,6.81
,,3.7,N,-7.77,-67.74%,55,66,7.33,1277,52,0.4,46.03%,3.7,7.58,3.7,N,3.79,Z,4/27/2022,328,7.06,E,7.37,E,7.2,T,4.34,151.75%,198,363,2.52,2873,793,-0.61,43.48%,2.37,7.26
,,3.33,D,-4.93,-59.69%,10,53,7.14,1268,88,0.37,45.52%,3.33,7.14,3.28,Z,3.36,D,4/27/2022,329,7.64,E,7.95,E,7.75,P,4.57,143.71%,162,216,2.83,1760,475,-0.64,42.96%,2.61,7.75
,,2.97,M,-4.72,-61.38%,19,54,7.45,2919,64,0.34,45.02%,2.84,7.53,2.89,Z,2.96,I,4/27/2022,330,8.25,E,8.57,E,8.01,M,4.51,128.86%,195,219,3.26,4649,2665,-0.67,42.47%,2.85,8.01
,,2.58,N,-4.65,-64.32%,18,73,6.13,1824,46,0.31,44.56%,2.49,6.56,2.53,X,2.6,I,4/27/2022,331,8.89,N,9.21,E,8.94,C,4.88,120.20%,188,10,3.52,2223,604,-0.7,41.91%,3.31,9.04
,,2.25,N,-4.63,-67.30%,18,93,6.25,2602,392,0.28,44.10%,2.17,6.65,2.2,I,2.27,I,4/27/2022,332,9.55,E,9.87,E,9.71,C,5.14,112.47%,172,224,3.89,2857,1087,-0.73,41.22%,3.48,9.71
,,1.9,Z,-4.11,-68.39%,20,48,5.65,2004,99,0.26,43.71%,1.9,6.11,1.91,Z,1.97,I,4/27/2022,333,10.25,E,10.58,E,9.53,M,4.89,105.39%,183,308,4.46,2605,885,-0.76,40.67%,3.97,9.53
,,1.63,X,-3.57,-68.65%,19,80,5.21,3454,333,0.23,43.29%,1.63,5.65,1.64,Z,1.7,I,4/27/2022,334,10.98,E,11.31,E,10.69,Q,5.16,93.31%,155,302,4.78,1789,877,-0.79,40.05%,4.22,10.69
,,1.44,X,-3.06,-68.00%,33,103,4.5,4317,358,0.21,42.90%,1.39,5.17,1.4,I,1.46,I,4/27/2022,335,11.74,Q,12.09,E,11.87,M,6.11,106.08%,171,139,5.17,3395,2403,-0.81,39.55%,4.64,11.87
,,1.22,C,-2.81,-69.73%,70,83,4,1462,296,0.18,42.58%,1.17,4.56,1.19,N,1.25,Q,4/27/2022,336,12.54,E,12.85,E,11.89,E,5.36,82.08%,139,129,5.85,1694,1906,-0.84,38.79%,5.15,12.1
,,1.04,N,-2.52,-70.79%,67,52,3.67,484,381,0.16,42.27%,1.02,4,1.01,Z,1.06,N,4/27/2022,337,13.35,E,13.67,E,13.5,I,6.94,105.79%,132,135,6.23,14021,11227,-0.86,38.11%,5.65,13.5
,,0.86,Q,-2.43,-73.86%,89,43,3.22,803,589,0.14,42.01%,0.83,3.59,0.85,N,0.9,X,4/27/2022,338,14.19,Q,14.51,E,13.62,W,6.44,89.69%,145,128,6.68,1936,887,-0.89,37.39%,6.43,13.77
,,0.81,N,-1.98,-70.97%,59,44,2.81,628,836,0.12,41.67%,0.81,2.97,0.71,Z,0.75,Z,4/27/2022,339,15.03,E,15.37,E,12.87,I,4.87,60.88%,151,177,7.2,257,738,-0.91,36.35%,7.15,14
,,0.61,M,-1.84,-75.10%,116,93,2.32,8546,1196,0.11,41.45%,0.59,2.68,0.59,Z,0.63,Q,4/27/2022,340,15.92,Q,16.24,X,15.1,A,6.69,79.55%,50,133,8.06,560,3645,-0.93,35.34%,7.25,15.1
,,0.49,I,-1.57,-76.21%,146,74,2.04,572,1114,0.09,41.30%,0.49,2.34,0.49,I,0.53,Q,4/27/2022,341,16.82,E,17.15,E,15.64,C,6.43,69.82%,150,134,8.7,182,920,-0.95,34.33%,8.01,15.64
,,0.46,N,-1.34,-74.44%,156,88,1.87,582,1020,0.08,41.19%,0.46,1.94,0.41,I,0.44,Q,4/27/2022,342,17.73,Q,18.07,E,17.87,M,7.87,78.70%,151,129,9.53,168,773,-0.96,32.83%,9.06,17.9
,,0.41,Z,-1.15,-73.72%,139,137,1.51,801,1539,0.07,41.01%,0.38,1.64,0.34,Z,0.36,Z,4/27/2022,343,18.66,E,18.99,X,15.73,C,5.99,61.50%,50,124,9.9,102,719,-0.98,30.30%,9.49,17.5
,,0.3,X,-1,-76.92%,230,198,1.27,467,1167,0.06,40.95%,0.3,1.39,0.28,Z,0.3,Z,4/27/2022,344,19.61,C,19.93,X,18.23,I,7.36,67.71%,50,102,10.66,114,1726,-0.99,25.50%,10.16,18.43
,,0.25,C,-0.78,-75.73%,224,44,1,10739,2640,0.05,40.92%,0.22,1.2,0.23,N,0.25,Z,4/27/2022,345,20.55,C,20.88,X,18.85,J,7.14,60.97%,50,118,11.83,207,1032,-1,--,11.26,18.94
,,0.2,C,-0.71,-78.02%,241,307,0.91,538,1428,0.04,40.78%,0.2,0.99,0.18,E,0.21,Z,4/27/2022,346,21.5,C,21.85,X,19.93,A,7.13,55.70%,50,126,12.28,63,692,-1,--,12.21,19.93
,,0.19,I,-0.51,-72.86%,281,297,0.69,1111,1043,0.04,40.99%,0.19,0.8,0.15,Z,0.18,Q,4/27/2022,347,22.47,C,22.81,X,19.38,X,6.05,45.39%,50,122,13.27,45,264,-1,--,12.7,21.14
,,0.15,M,-0.45,-75.00%,7,225,0.61,242,718,0.03,40.97%,0.15,0.65,0.13,Z,0.14,N,4/27/2022,348,23.43,C,23.78,X,20.5,T,6.06,41.97%,50,141,15.04,58,600,-1,--,13.89,20.5
,,0.15,C,-0.39,-72.22%,311,358,0.5,274,630,0.02,40.96%,0.13,0.55,0.1,Z,0.12,Z,4/27/2022,349,24.42,M,24.76,X,22.26,M,10.51,89.45%,50,4,17.25,71,432,-1,--,17.25,22.26
,,0.1,C,-0.28,-73.68%,337,1,0.41,1262,1974,0.02,41.98%,0.09,0.47,0.1,N,0.11,Q,4/27/2022,350,25.4,C,25.75,X,25.33,N,9.06,55.69%,50,120,15.89,229,494,-1,--,15.71,25.33
,,0.09,N,-0.29,-76.32%,323,354,0.3,103,678,0.02,41.55%,0.09,0.3,0.07,Z,0.09,Q,4/27/2022,351,26.37,E,26.72,X,23.94,E,7.38,44.57%,50,134,23.94,2,191,-1,--,23.94,23.94
,,0.06,J,-0.25,-80.65%,257,303,0.29,406,442,0.02,42.00%,0.06,0.32,0.06,Z,0.08,Q,4/27/2022,352,27.36,E,27.72,X,26.08,W,7.96,43.93%,50,124,17.72,10,127,-1,--,17.72,26.08
,,0.06,X,-0.18,-75.00%,282,305,0.21,73,371,0.01,42.33%,0.06,0.26,0.05,Z,0.07,Q,4/27/2022,353,28.35,C,28.72,E,24.52,A,5.54,29.19%,159,141,21.1,30,292,-1,--,19.65,24.52
,,0.11,M,-0.06,-35.29%,290,327,0.19,67,619,0.01,42.49%,0.11,0.19,0.04,Z,0.06,Q,4/27/2022,354,29.34,C,29.7,E,25.42,C,5.77,29.36%,166,142,19.65,142,306,-1,--,19.64,25.42
,,0.05,M,-0.11,-68.75%,250,392,0.16,133,7425,0.01,42.45%,0.04,0.16,0.03,X,0.05,Z,4/27/2022,355,30.34,C,30.68,X,26.2,Z,9.98,61.53%,50,136,22.34,531,547,-1,--,22.13,29
,,0.07,I,-0.08,-53.33%,379,345,0.11,71,1011,0.01,43.59%,0.06,0.11,0.03,Q,0.05,Q,4/27/2022,356,31.32,E,31.69,E,29.16,M,16.85,136.88%,169,158,23.52,66,225,-1,--,23.2,29.16
,,0.05,Z,-0.07,-58.33%,485,1,0.1,26,1123,0.01,45.39%,0.05,0.1,0.04,D,0.05,Q,4/27/2022,357,32.33,X,32.68,X,12.31,C,0,0.00%,50,50,0,0,140,-1,--,0,0
,,0.04,Z,-0.06,-60.00%,357,203,0.08,32,3713,0.01,44.32%,0.04,0.09,0.02,I,0.04,Q,4/27/2022,358,33.31,X,33.67,X,31.61,E,10.1,46.95%,50,50,23.68,21,101,-1,--,23.68,31.61
,,0.05,M,-0.04,-44.44%,446,156,0.06,5,578,0.01,45.41%,0.05,0.07,0.02,W,0.04,Q,4/27/2022,359,34.31,X,34.67,X,33.3,E,14.04,72.90%,50,50,25.45,13,143,-1,--,25.45,33.3
,,0.04,A,-0.04,-50.00%,159,463,0.06,85,1366,0,44.47%,0.03,0.07,0.01,X,0.03,Z,4/27/2022,360,35.31,X,35.65,X,33.82,X,11.43,51.05%,50,50,25.95,193,266,-1,--,25.95,33.82
,,0.02,A,-0.04,-66.67%,363,427,0.04,11,445,0,45.50%,0.02,0.04,0.01,Q,0.03,Q,4/27/2022,361,36.31,X,36.65,X,18.47,X,0,0.00%,50,50,0,0,106,-1,--,0,0
,,0.03,W,-0.02,-40.00%,379,351,0.03,9,510,0,46.53%,0.03,0.03,0.01,Q,0.03,Q,4/27/2022,362,37.3,X,37.65,X,33.58,J,9.61,40.09%,50,50,27.51,4,178,-1,--,27.51,33.58
,,0.03,W,-0.18,-85.71%,578,190,0.05,25,429,0,47.56%,0.03,0.05,0.01,W,0.03,X,4/27/2022,363,38.31,X,38.66,X,19.19,M,0,0.00%,50,50,0,0,135,-1,--,0,0
,,0.03,H,-0.01,-25.00%,613,169,0.04,11,359,0,48.58%,0.03,0.04,0.01,W,0.03,X,4/27/2022,364,39.31,X,39.65,X,38.9,N,13.19,51.30%,50,50,37.03,10,100,-1,--,37.03,38.9
,,0.03,X,-0.02,-40.00%,489,171,0.03,1,395,0,49.60%,0.03,0.03,0.01,W,0.03,Z,4/27/2022,365,40.29,X,40.65,X,36.45,A,12.62,52.96%,50,50,34.03,106,206,-1,--,34.03,38.14
,,0.03,C,0,0.00%,173,158,0,0,752,0,49.15%,0,0,0.01,Z,0.02,W,4/27/2022,366,41.29,X,41.64,X,23.37,E,0,0.00%,50,50,0,0,202,-1,--,0,0
,,0.05,A,0,0.00%,194,0,0,0,171,0,48.24%,0,0,0,Z,0.02,W,4/27/2022,367,42.29,X,42.64,X,39.35,D,11.61,41.85%,50,50,31.75,2,43,-1,--,31.75,39.35
,,0.02,T,0,0.00%,210,0,0.02,3,398,0,49.17%,0.02,0.02,0,Z,0.02,W,4/27/2022,368,43.29,X,43.64,X,25.88,C,0,0.00%,50,50,0,0,90,-1,--,0,0
,,0.01,X,-0.02,-66.67%,236,0,0.02,14,170,0,50.11%,0.01,0.02,0,Z,0.02,W,4/27/2022,369,44.29,X,44.64,X,42.12,M,11.6,38.01%,50,50,42.12,3,202,-1,--,42.12,42.12
,,0.02,X,-0.01,-33.33%,261,0,0.03,70,1068,0,51.05%,0.01,0.03,0,Z,0.02,W,4/27/2022,370,45.29,X,45.65,X,43.13,E,12.88,42.58%,50,50,36.54,61,157,-1,--,36.54,43.13
,,0.01,W,-0.07,-87.50%,283,0,0.01,6,107,0,51.81%,0.01,0.01,0,M,0.02,W,4/27/2022,371,46.29,X,46.64,X,41.97,D,14.24,51.35%,50,50,41.97,1,288,-1,--,41.97,41.97
,,0.04,M,0,0.00%,303,0,0,0,128,0,53.15%,0,0,0,M,0.02,W,4/27/2022,372,47.29,X,47.64,X,44.87,C,12.32,37.85%,50,50,44.87,5,78,-1,--,44.87,44.87
,,0.02,C,-0.04,-66.67%,468,0,0.02,3,51,0,54.02%,0.02,0.02,0,M,0.02,X,4/27/2022,373,48.29,X,48.66,X,33.37,C,0,0.00%,50,50,0,0,76,-1,--,0,0
,,0.05,X,0,0.00%,485,0,0,0,175,0,54.90%,0,0,0,M,0.02,X,4/27/2022,374,49.29,X,49.65,X,34.5,C,0,0.00%,50,50,0,0,4,-1,--,0,0
,,0.01,W,-0.03,-75.00%,501,0,0.02,11,1103,0,55.81%,0.01,0.02,0,M,0.02,X,4/27/2022,375,50.29,X,50.65,X,31.74,M,0,0.00%,50,50,0,0,67,-1,--,0,0
,,0.04,I,0,0.00%,516,0,0,0,187,0,56.66%,0,0,0,M,0.02,X,4/27/2022,376,51.29,X,51.65,X,11.91,W,0,0.00%,50,50,0,0,9,-1,--,0,0
,,0.04,W,0,0.00%,528,0,0,0,2280,0,57.55%,0,0,0,M,0.02,X,4/27/2022,377,52.29,X,52.65,X,50.01,I,11.35,29.36%,50,50,50.01,5,20,-1,--,50.01,50.01
,,0.02,H,0,0.00%,541,0,0,0,620,0,58.45%,0,0,0,M,0.02,X,4/27/2022,378,53.29,X,53.65,X,50,C,34.05,213.48%,50,50,50,2,7,-1,--,50,50
,,0.01,B,0,0.00%,553,0,0,0,178,0,59.17%,0,0,0,M,0.02,X,4/27/2022,379,54.29,X,54.65,X,18.01,I,0,0.00%,50,50,0,0,15,-1,--,0,0
,,0.01,Q,0,0.00%,563,0,0.01,1,206,0,60.47%,0.01,0.01,0,M,0.02,X,4/27/2022,380,55.29,X,55.65,X,32.9,E,0,0.00%,50,50,0,0,6,-1,--,0,0
,,0.02,H,0,0.00%,574,0,0,0,118,0,61.29%,0,0,0,M,0.02,X,4/27/2022,381,56.3,X,56.65,X,36.07,C,0,0.00%,50,50,0,0,9,-1,--,0,0
,,0.01,N,0,0.00%,578,0,0.01,1,551,0,62.14%,0.01,0.01,0,M,0.02,X,4/27/2022,382,57.29,X,57.65,X,42.93,C,0,0.00%,50,50,0,0,0,-1,--,0,0
,,0.02,A,0,0.00%,578,0,0,0,93,0,62.97%,0,0,0,M,0.02,X,4/27/2022,383,58.29,X,58.65,X,38.07,C,0,0.00%,50,50,0,0,1,-1,--,0,0
,,0.02,X,0,0.00%,190,0,0,0,74,0,60.17%,0,0,0,M,0.01,W,4/27/2022,384,59.29,X,59.65,X,56.7,E,N/A,N/A,50,50,54.72,4,0,-1,--,54.72,56.7
,,0.03,H,0,0.00%,190,0,0,0,183,0,61.01%,0,0,0,Z,0.01,W,4/27/2022,385,60.29,X,60.65,X,42.62,W,0,0.00%,50,50,0,0,0,-1,--,0,0
,,0.02,B,0,0.00%,191,0,0,0,61,0,61.86%,0,0,0,Z,0.01,W,4/27/2022,386,61.3,X,61.64,X,0,,0,N/A,50,50,0,0,0,-1,--,0,0
,,0.01,Q,-0.03,-75.00%,192,0,0.01,1,178,0,62.69%,0.01,0.01,0,Z,0.01,W,4/27/2022,387,62.3,X,62.65,X,47.92,C,0,0.00%,50,50,0,0,0,-1,--,0,0
,,0.01,T,0,0.00%,266,0,0,0,2248,0,63.52%,0,0,0,Z,0.01,Z,4/27/2022,388,63.29,X,63.63,X,0,,0,N/A,50,50,0,0,0,-1,--,0,0
,,0,,0,N/A,193,0,0,0,0,0,64.35%,0,0,0,Z,0.01,W,4/27/2022,389,64.29,X,64.63,X,0,,0,N/A,50,50,0,0,0,-1,--,0,0
,,0.01,Z,0,0.00%,193,0,0,0,153,0,65.18%,0,0,0,Z,0.01,Q,4/27/2022,390,65.29,X,65.63,X,0,,0,N/A,50,50,0,0,0,-1,--,0,0
,,0.01,P,0,0.00%,208,0,0,0,24,0,66.01%,0,0,0,Z,0.01,W,4/27/2022,391,66.29,X,66.63,X,0,,0,N/A,50,50,0,0,0,-1,--,0,0
,,0.01,Z,0,0.00%,216,0,0,0,136,0,66.82%,0,0,0,Z,0.01,W,4/27/2022,392,67.29,X,67.63,X,0,,0,N/A,50,50,0,0,0,-1,--,0,0
,,0.01,P,0,0.00%,224,0,0,0,98,0,67.65%,0,0,0,Z,0.01,W,4/27/2022,393,68.29,X,68.65,X,0,,0,N/A,50,50,0,0,0,-1,--,0,0
,,0.01,H,0,0.00%,231,0,0,0,96,0,68.46%,0,0,0,Z,0.01,W,4/27/2022,394,69.29,X,69.64,X,0,,0,N/A,50,50,0,0,0,-1,--,0,0
,,0.02,T,0,0.00%,239,0,0,0,77,0,69.27%,0,0,0,Z,0.01,W,4/27/2022,395,70.29,X,70.64,X,0,,0,N/A,50,50,0,0,0,-1,--,0,0
,,0.01,N,0,0.00%,245,0,0,0,61,0,70.08%,0,0,0,Z,0.01,W,4/27/2022,396,71.29,X,71.64,X,0,,0,N/A,50,50,0,0,0,-1,--,0,0
,,0.26,C,0,0.00%,258,0,0,0,1,0,71.69%,0,0,0,Z,0.01,W,4/27/2022,398,73.3,X,73.64,X,0,,0,N/A,50,50,0,0,0,-1,--,0,0
,,0.02,N,0,0.00%,268,0,0,0,52,0,73.29%,0,0,0,M,0.01,W,4/27/2022,400,75.29,X,75.64,X,48.03,C,0,0.00%,50,50,0,0,0,-1,--,0,0
,,0,,0,N/A,279,0,0,0,0,0,74.88%,0,0,0,Z,0.01,W,4/27/2022,402,77.29,X,77.64,X,0,,0,N/A,50,50,0,0,0,-1,--,0,0
,,0,,0,N/A,288,0,0,0,0,0,76.45%,0,0,0,Z,0.01,W,4/27/2022,404,79.29,X,79.63,X,0,,0,N/A,50,50,0,0,0,-1,--,0,0
,,0.01,X,0,0.00%,293,0,0.01,1,32,0,77.24%,0.01,0.01,0,M,0.01,W,4/27/2022,405,80.29,X,80.63,X,0,,0,N/A,50,50,0,0,0,-1,--,0,0
,,0.01,T,0,0.00%,297,0,0,0,166,0,78.02%,0,0,0,M,0.01,W,4/27/2022,406,81.29,X,81.63,X,0,,0,N/A,50,50,0,0,0,-1,--,0,0
,,0.01,P,0,0.00%,312,0,0,0,167,0,81.12%,0,0,0,M,0.01,W,4/27/2022,410,85.29,X,85.65,X,66.1,N,0,0.00%,50,50,0,0,1,-1,--,0,0
,,0,,0,N/A,326,0,0,0,0,0,84.94%,0,0,0,C,0.01,W,4/27/2022,415,90.29,X,90.65,X,0,,0,N/A,50,50,0,0,0,-1,--,0,0
,,0.01,Z,0,0.00%,336,0,0,0,4,0,88.70%,0,0,0,M,0.01,W,4/27/2022,420,95.29,X,95.63,X,66.01,I,0,0.00%,50,50,0,0,0,-1,--,0,0
,,0,,0,N/A,352,0,0,0,0,0,96.04%,0,0,0,C,0.01,W,4/27/2022,430,105.28,X,105.68,C,0,,0,N/A,12,14,0,0,0,-1,--,0,0
,,0.01,N,0,0.00%,363,0,0,0,1,0,103.17%,0,0,0,J,0.01,W,4/27/2022,440,115.28,Z,115.68,Z,0,,0,N/A,9,9,0,0,0,-1,--,0,0
29 APR 22  (5)  100 (Weeklys),,,,,,,,,,,,,,,,,,,,,,,,,,,,,,,,,,,,,
,,LAST,LX,Net Chng,%Change,AS,BS,Open,Volume,Open.Int,Delta,Impl Vol,Low,High,BID,BX,ASK,AX,Exp,Strike,BID,BX,ASK,AX,LAST,LX,Net Chng,%Change,AS,BS,Open,Volume,Open.Int,Delta,Impl Vol,Low,High
,,0,,0,N/A,17,11,0,0,0,0.91,239.48%,0,0,114.34,Z,114.74,I,4/29/2022,210,0,Z,0.02,W,0.02,C,0.01,100.00%,151,0,0.01,9,405,0,120.26%,0.01,0.02
,,118.74,W,0,0.00%,11,17,0,0,0,0.91,224.15%,0,0,109.34,X,109.74,Z,4/29/2022,215,0,J,0.03,X,0.02,I,0.01,100.00%,424,0,0.01,8,425,0,118.06%,0.01,0.02
,,0,,0,N/A,8,11,0,0,0,0.92,209.64%,0,0,104.35,Z,104.74,N,4/29/2022,220,0.01,W,0.03,X,0.02,X,0.01,100.00%,491,378,0.02,8,153,0,114.83%,0.01,0.02
,,0,,0,N/A,11,17,0,0,0,0.92,195.78%,0,0,99.35,X,99.75,Z,4/29/2022,225,0.01,Z,0.03,Q,0.02,H,0.01,100.00%,310,361,0.02,10,123,0,108.77%,0.02,0.02
,,0,,0,N/A,50,50,0,0,0,0.92,182.87%,0,0,94.39,X,94.75,X,4/29/2022,230,0.01,X,0.04,X,0.02,M,0.01,100.00%,608,676,0.01,12,472,0,104.74%,0.01,0.02
,,0,,0,N/A,50,50,0,0,0,0.92,170.20%,0,0,89.4,X,89.75,X,4/29/2022,235,0.02,Z,0.04,Q,0.02,C,0.01,100.00%,303,382,0.01,108,281,0,100.57%,0.01,0.03
,,103.27,I,0,0.00%,50,50,0,0,8,0.92,158.30%,0,0,84.41,X,84.77,X,4/29/2022,240,0.02,X,0.05,X,0.03,P,0.01,50.00%,392,613,0.03,11,481,0,96.00%,0.02,0.03
,,86.44,W,0,0.00%,50,50,0,0,0,0.93,146.79%,0,0,79.43,X,79.77,X,4/29/2022,245,0.03,W,0.05,Z,0.05,X,0.04,400.00%,292,472,0.02,44,661,0,91.18%,0.02,0.05
,,79.39,I,-2.21,-2.71%,50,50,79.39,3,0,0.93,135.75%,79.39,79.39,74.44,X,74.78,X,4/29/2022,250,0.05,N,0.06,Q,0.03,I,0,0.00%,268,1,0.03,213,460,-0.01,88.22%,0.03,0.04
,,76.82,W,0,0.00%,50,50,0,0,0,0.93,125.16%,0,0,69.45,X,69.79,X,4/29/2022,255,0.05,Z,0.07,Z,0.05,W,0.02,66.67%,236,360,0.04,203,299,-0.01,82.97%,0.04,0.05
,,65.6,W,0,0.00%,50,50,0,0,2,0.93,114.99%,0,0,64.45,X,64.81,X,4/29/2022,260,0.06,X,0.08,N,0.06,X,0.03,100.00%,1,766,0.05,188,264,-0.01,78.37%,0.05,0.06
,,78.76,A,0,0.00%,50,50,0,0,0,0.93,105.44%,0,0,59.47,X,59.83,X,4/29/2022,265,0.09,Z,0.11,Z,0.1,N,0.05,100.00%,311,227,0.05,47,409,-0.01,75.66%,0.05,0.1
,,57.34,M,-7.12,-11.05%,50,50,58.24,11,5,0.93,96.37%,55.98,58.44,54.5,X,54.85,X,4/29/2022,270,0.11,X,0.14,Z,0.13,I,0.08,160.00%,367,491,0.06,149,1208,-0.01,71.58%,0.06,0.13
,,66.87,M,0,0.00%,50,50,0,0,126,0.93,87.85%,0,0,49.54,X,49.88,X,4/29/2022,275,0.15,X,0.17,C,0.12,M,0.03,33.33%,1,462,0.13,2,532,-0.02,67.66%,0.12,0.13
,,46.1,I,-16.48,-26.33%,50,50,51.9,4,5,0.93,80.04%,46.1,51.9,44.6,X,44.93,X,4/29/2022,280,0.21,X,0.24,Z,0.21,M,0.1,90.91%,342,378,0.11,1136,4879,-0.02,64.61%,0.1,0.21
,,0,,0,N/A,50,50,0,0,0,0.93,74.59%,0,0,40.67,X,41.01,X,4/29/2022,284,0.28,X,0.31,Z,0.24,B,0.11,84.62%,332,310,0.16,67,68,-0.03,62.11%,0.16,0.24
,,41.16,I,-30.74,-42.75%,50,50,41.16,3,4,0.93,73.16%,41.16,41.16,39.69,X,40.02,X,4/29/2022,285,0.3,X,0.33,Z,0.31,Q,0.17,121.43%,282,331,0.14,869,1901,-0.03,61.46%,0.14,0.31
,,0,,0,N/A,50,50,0,0,0,0.92,71.92%,0,0,38.7,X,39.06,X,4/29/2022,286,0.32,X,0.35,Z,0.3,I,0.14,87.50%,281,353,0.17,91,2,-0.04,60.75%,0.17,0.3
,,56.57,I,0,0.00%,50,50,0,0,50,0.92,70.77%,0,0,37.74,X,38.08,X,4/29/2022,287,0.35,T,0.38,Z,0.3,E,0.18,150.00%,340,250,0.19,30,3,-0.04,60.32%,0.19,0.3
,,42.1,M,0,0.00%,50,50,0,0,1,0.92,69.63%,0,0,36.76,X,37.12,X,4/29/2022,288,0.37,X,0.41,Z,0.39,C,0.22,129.41%,353,343,0.14,30,119,-0.04,59.66%,0.14,0.39
,,0,,0,N/A,50,50,0,0,0,0.92,68.28%,0,0,35.78,X,36.14,X,4/29/2022,289,0.4,X,0.44,Z,0.42,C,0.26,162.50%,351,350,0.18,79,27,-0.04,59.10%,0.18,0.42
,,38,E,-14.63,-27.80%,50,50,41,3,4,0.92,67.39%,38,41,34.83,X,35.18,X,4/29/2022,290,0.44,Q,0.47,Z,0.44,I,0.25,131.58%,278,193,0.22,3279,1093,-0.05,58.59%,0.16,0.46
,,0,,0,N/A,50,50,0,0,0,0.91,66.47%,0,0,33.88,X,34.22,X,4/29/2022,291,0.47,E,0.5,Z,0.45,X,0.32,246.15%,73,239,0.24,1246,76,-0.05,57.90%,0.24,0.45
,,38.82,M,0,0.00%,50,50,0,0,1,0.91,65.18%,0,0,32.91,X,33.24,X,4/29/2022,292,0.5,Z,0.54,Z,0.49,M,0.27,122.73%,71,298,0.24,2040,181,-0.06,57.27%,0.22,0.49
,,0,,0,N/A,164,50,0,0,0,0.91,64.22%,0,0,31.94,X,32.3,E,4/29/2022,293,0.55,Q,0.59,Z,0.59,C,0.34,136.00%,241,181,0.22,37,17,-0.06,56.91%,0.2,0.59
,,45.5,P,0,0.00%,50,50,0,0,5,0.91,63.39%,0,0,31.01,X,31.34,X,4/29/2022,294,0.6,Q,0.63,Z,0.63,C,0.36,133.33%,68,188,0.34,331,195,-0.06,56.36%,0.34,0.63
,,52.42,X,0,0.00%,50,50,0,0,7,0.9,62.37%,0,0,30.05,X,30.39,X,4/29/2022,295,0.65,Q,0.68,Z,0.68,C,0.4,142.86%,66,174,0.3,314,561,-0.07,55.84%,0.23,0.68
,,47.23,E,0,0.00%,164,50,0,0,24,0.9,61.55%,0,0,29.11,X,29.45,E,4/29/2022,296,0.7,E,0.74,Z,0.73,I,0.41,128.13%,65,202,0.34,171,356,-0.07,55.33%,0.23,0.73
,,0,,0,N/A,165,50,0,0,0,0.89,60.76%,0,0,28.17,X,28.52,E,4/29/2022,297,0.76,E,0.8,Z,0.81,E,0.46,131.43%,63,192,0.37,68,20,-0.08,54.83%,0.36,0.81
,,49.9,A,0,0.00%,170,50,0,0,10,0.89,59.99%,0,0,27.24,X,27.59,E,4/29/2022,298,0.83,Z,0.87,Q,0.74,I,0.37,100.00%,209,155,0.37,113,273,-0.09,54.42%,0.34,0.74
,,0,,0,N/A,160,50,0,0,0,0.88,59.24%,0,0,26.32,X,26.66,E,4/29/2022,299,0.9,E,0.95,Z,0.88,W,0.5,131.58%,190,203,0.29,298,234,-0.09,53.99%,0.29,0.88
,,26.63,W,-14.87,-35.83%,167,50,31.96,23,56,0.87,58.49%,26.63,32.36,25.4,X,25.74,E,4/29/2022,300,0.98,E,1.02,N,1.01,N,0.61,152.50%,7,264,0.32,12373,8650,-0.1,53.47%,0.31,1.02
,,26.26,C,N/A,N/A,173,50,26.26,12,0,0.87,57.88%,26.26,26.26,24.49,X,24.84,E,4/29/2022,301,1.07,E,1.12,X,0.98,C,0.51,108.51%,155,298,0.35,404,36,-0.11,53.15%,0.34,0.98
,,48.12,J,0,0.00%,50,50,0,0,58,0.86,57.13%,0,0,23.59,X,23.92,X,4/29/2022,302,1.17,E,1.21,Z,1.06,X,0.6,130.43%,56,120,0.5,2102,3108,-0.12,52.72%,0.45,1.07
,,0,,0,N/A,179,50,0,0,0,0.85,56.67%,0,0,22.71,X,23.04,E,4/29/2022,303,1.27,E,1.32,Z,1.33,P,0.83,166.00%,135,168,0.44,265,81,-0.13,52.32%,0.43,1.33
,,40.22,I,0,0.00%,186,50,0,0,18,0.84,56.07%,0,0,21.82,X,22.16,E,4/29/2022,304,1.39,Z,1.43,Z,1.41,W,0.89,171.15%,53,80,0.64,572,266,-0.14,51.94%,0.46,1.41
,,24.25,E,-5.4,-18.21%,200,50,27.37,14,57,0.83,55.49%,24.25,27.37,20.94,X,21.29,E,4/29/2022,305,1.51,E,1.56,Q,1.57,I,0.99,170.69%,106,153,0.51,9028,6391,-0.15,51.57%,0.47,1.57
,,21.2,W,-15.64,-42.45%,182,50,25.37,3,13,0.82,54.98%,21.2,25.37,20.09,X,20.42,E,4/29/2022,306,1.65,Z,1.7,Z,1.66,X,0.93,127.40%,97,46,0.57,4663,677,-0.16,51.25%,0.5,1.66
,,20,P,-15.89,-44.27%,180,50,24.44,2,1,0.81,54.48%,20,24.44,19.24,X,19.57,E,4/29/2022,307,1.79,E,1.84,Z,1.66,C,0.95,133.80%,55,89,0.61,380,49,-0.17,50.82%,0.6,1.66
,,43.16,P,0,0.00%,190,15,0,0,24,0.8,53.88%,0,0,18.38,N,18.73,E,4/29/2022,308,1.95,I,2,Z,2,E,1.25,166.67%,54,68,0.68,308,325,-0.18,50.48%,0.6,2
,,0,,0,N/A,208,153,0,0,0,0.79,53.33%,0,0,17.54,C,17.9,E,4/29/2022,309,2.12,W,2.18,I,2.08,C,1.17,128.57%,70,23,0.82,190,380,-0.2,50.17%,0.77,2.08
,,17.26,I,-8.29,-32.45%,191,182,25.34,43,327,0.77,52.81%,17.26,25.34,16.72,E,17.08,E,4/29/2022,310,2.3,Z,2.36,I,2.39,I,1.41,143.88%,68,36,0.82,8402,11056,-0.21,49.79%,0.69,2.39
,,25.1,M,0,0.00%,185,10,0,0,5,0.76,52.41%,0,0,15.94,N,16.27,E,4/29/2022,311,2.5,Z,2.56,I,2.09,M,1.07,104.90%,68,36,1.01,495,166,-0.23,49.46%,0.88,2.25
,,16.94,N,-43.27,-71.87%,179,150,17.14,6,20,0.75,51.90%,16.94,17.14,15.14,E,15.48,E,4/29/2022,312,2.71,Z,2.77,Z,2.83,M,1.74,159.63%,50,36,0.88,6513,1072,-0.24,49.09%,0.88,2.83
,,23.46,T,0,0.00%,224,15,0,0,48,0.74,51.74%,0,0,14.76,N,15.1,E,4/29/2022,312.5,2.82,Z,2.88,Z,2.88,W,1.82,171.70%,50,36,0.91,396,285,-0.25,48.91%,0.91,2.88
,,31.28,T,0,0.00%,188,152,0,0,112,0.71,51.02%,0,0,13.61,E,13.95,E,4/29/2022,314,3.18,E,3.24,Z,3.26,J,1.9,139.71%,49,70,1.1,1651,1257,-0.28,48.40%,1.08,3.26
,,13.01,M,-13.79,-51.46%,180,51,15.41,156,107,0.7,50.57%,13.01,16,12.87,I,13.2,E,4/29/2022,315,3.44,X,3.5,Z,3.5,X,2.11,151.80%,48,44,1.18,10180,9770,-0.29,48.06%,1.11,3.51
,,14.86,H,-6.46,-30.30%,184,166,14.8,29,39,0.68,50.14%,14.59,14.92,12.15,E,12.47,E,4/29/2022,316,3.72,N,3.78,Z,3.84,W,2.24,140.00%,48,27,1.24,7162,10807,-0.31,47.73%,1.24,3.84
,,18.76,M,0,0.00%,184,171,0,0,52,0.65,49.50%,0,0,11.09,E,11.42,E,4/29/2022,317.5,4.16,D,4.24,I,3.74,N,1.99,113.71%,61,10,2.18,683,823,-0.34,47.22%,1.57,3.74
,,13.19,Z,-10.04,-43.22%,212,174,13.63,38,42,0.64,49.31%,12.01,13.63,10.75,E,11.08,E,4/29/2022,318,4.31,E,4.4,I,4.41,E,2.6,143.65%,60,97,1.6,1939,2571,-0.35,47.01%,1.6,4.41
,,11.34,X,-9,-44.25%,226,172,11.34,2,90,0.62,48.89%,11.34,11.34,10.08,E,10.41,E,4/29/2022,319,4.64,X,4.73,Z,4.7,W,2.48,111.71%,46,84,1.79,3636,4746,-0.37,46.64%,1.6,4.73
,,9.53,X,-6.97,-42.24%,187,152,15.5,563,177,0.6,48.48%,9.53,16.51,9.44,E,9.75,E,4/29/2022,320,5,X,5.08,Z,5.06,M,2.97,142.11%,46,1,2.1,27410,29909,-0.39,46.31%,1.75,5.14
,,8.89,X,-10.87,-55.01%,159,106,14.03,78,66,0.58,48.08%,8.89,14.03,8.84,Z,9.09,E,4/29/2022,321,5.36,I,5.46,I,5.52,W,3.24,142.11%,59,59,2.2,607,963,-0.42,45.93%,2.1,5.52
,,13.18,P,-9.48,-41.84%,106,134,13.5,33,159,0.56,47.57%,13.18,13.5,8.22,E,8.46,Z,4/29/2022,322,5.75,Z,5.85,Z,5.82,A,3.35,135.63%,58,45,2.35,9638,2108,-0.44,45.54%,2.15,5.82
,,8.43,A,-14.15,-62.67%,11,32,10.85,15,42,0.55,47.41%,8.43,10.85,7.98,N,8.12,N,4/29/2022,322.5,5.95,Z,6.05,I,5.62,M,3.03,116.99%,58,45,2.4,426,768,-0.45,45.32%,2.4,5.62
,,7.9,Z,-12.24,-60.77%,108,45,11.15,46,69,0.54,47.35%,7.9,11.15,7.73,Z,7.83,Z,4/29/2022,323,6.12,E,6.28,Z,6.25,A,3.38,117.77%,85,138,2.35,1045,4661,-0.46,45.07%,2.35,6.28
,,7.2,Q,-6.44,-47.21%,47,45,11.73,160,138,0.52,46.86%,7.14,11.73,7.16,Z,7.24,Z,4/29/2022,324,6.55,E,6.71,Z,6.73,M,3.83,132.07%,85,71,2.74,4360,2085,-0.48,44.65%,2.74,6.73
,,6.57,X,-5.68,-46.37%,67,59,11.56,18670,254,0.49,46.38%,6.53,12.5,6.6,I,6.69,E,4/29/2022,325,6.95,E,7.05,N,7.04,M,3.81,117.96%,5,166,2.94,33285,31226,-0.51,43.69%,2.72,7.15
,,6.1,W,-5.85,-48.95%,76,45,10.37,772,124,0.47,45.92%,6.05,10.37,6.07,Z,6.16,Z,4/29/2022,326,7.42,E,7.68,E,6.97,T,3.24,86.86%,146,161,3.26,5402,1038,-0.53,43.75%,3.24,7.17
,,5.58,W,-5.42,-49.27%,10,46,11.57,829,83,0.45,45.41%,5.49,11.57,5.56,Z,5.64,D,4/29/2022,327,7.91,E,8.17,E,8.04,N,4.02,100.00%,160,163,3.55,5037,1026,-0.56,43.25%,3.5,8.04
,,5.5,Z,-13.41,-70.91%,83,58,8.72,440,111,0.44,45.17%,5.5,8.94,5.31,I,5.4,Z,4/29/2022,327.5,8.17,E,8.43,E,7.94,N,4.11,107.31%,155,148,4.5,1192,429,-0.57,43.04%,3.75,7.94
,,5.06,M,-14.66,-74.34%,10,59,9.36,2030,81,0.42,44.90%,5.06,10.38,5.07,I,5.15,D,4/29/2022,328,8.41,E,8.69,D,8.58,Z,4.49,109.78%,14,174,3.85,3369,1321,-0.58,42.73%,3.55,8.58
,,4.62,N,-7.5,-61.88%,75,47,10.05,2582,150,0.4,44.47%,4.62,10.05,4.61,Z,4.7,W,4/29/2022,329,8.96,C,9.2,N,8.98,E,4.6,105.02%,7,195,4.17,2925,729,-0.61,42.16%,3.97,8.98
,,4.23,M,-4.47,-51.38%,10,5,9.01,18298,734,0.38,44.04%,4.12,9.03,4.2,P,4.25,N,4/29/2022,330,9.5,C,9.81,E,9.58,C,5,109.17%,148,224,4.43,33919,30359,-0.63,41.72%,4,9.75
,,3.79,E,-4.69,-55.31%,6,68,8.04,1520,119,0.35,43.44%,3.79,8.44,3.76,Z,3.83,Z,4/29/2022,331,10.1,C,10.42,E,10.35,N,5.31,105.36%,166,184,4.79,1799,7556,-0.66,41.32%,4.51,10.35
,,3.39,C,-4.74,-58.30%,10,49,7.61,3236,134,0.33,43.02%,3.39,7.95,3.38,Z,3.45,D,4/29/2022,332,10.71,C,11.02,E,10.68,Z,5.38,101.51%,151,178,5.23,9851,9219,-0.68,40.72%,4.84,10.68
,,3.34,C,-4.01,-54.56%,10,49,7.11,11138,161,0.32,42.81%,3.34,7.64,3.2,Z,3.27,D,4/29/2022,332.5,11.02,E,11.35,E,10.65,N,5.15,93.64%,174,290,5.26,617,1029,-0.69,40.48%,5.16,10.75
,,3.05,X,-3.35,-52.34%,18,69,6.65,3253,625,0.3,42.56%,2.98,7.37,3.02,Z,3.09,I,4/29/2022,333,11.38,C,11.63,I,11.57,N,5.74,98.46%,43,128,5.53,4651,10185,-0.71,40.19%,5.09,11.57
,,2.66,M,-3.72,-58.31%,18,63,6.27,2836,274,0.28,42.15%,2.66,6.76,2.69,I,2.76,I,4/29/2022,334,12.02,C,12.34,E,12,Q,5.83,94.49%,141,177,6.02,1507,1006,-0.73,39.72%,5.53,12
,,2.38,Z,-3.27,-57.88%,75,53,5.82,17660,978,0.26,41.67%,2.35,6.34,2.39,Z,2.43,Z,4/29/2022,335,12.71,C,13.03,E,12.85,P,6.11,90.65%,130,157,6.38,12225,18783,-0.75,39.17%,5.91,12.9
,,2.11,C,-3.05,-59.11%,19,67,5.22,2852,587,0.24,41.36%,2.07,5.75,2.11,I,2.17,I,4/29/2022,336,13.42,E,13.75,Z,13.1,D,5.9,81.94%,97,238,6.79,966,2984,-0.78,38.61%,6.79,13.1
,,1.92,Z,-2.6,-57.52%,17,56,4.76,1450,684,0.22,41.00%,1.92,5.09,1.86,Z,1.91,I,4/29/2022,337,14.16,E,14.5,E,13.49,C,5.92,78.20%,117,199,7.48,825,2378,-0.8,38.08%,6.88,13.49
,,1.76,W,-2.69,-60.45%,19,57,4.38,1686,366,0.21,40.81%,1.76,4.8,1.74,Z,1.79,I,4/29/2022,337.5,14.55,E,14.88,E,14.04,M,6.2,79.08%,130,255,7.42,138,1052,-0.81,37.85%,7.42,14.04
,,1.67,E,-2.45,-59.47%,19,19,4.06,1388,629,0.2,40.67%,1.59,4.7,1.63,I,1.68,I,4/29/2022,338,14.93,E,15.27,E,14.7,D,6.54,80.15%,129,148,7.64,629,3835,-0.82,37.56%,7.3,14.7
,,1.46,N,-2.43,-62.47%,20,60,3.67,1346,972,0.18,40.33%,1.38,4.13,1.42,Z,1.47,I,4/29/2022,339,15.73,E,16.07,E,16,Z,7.35,84.97%,135,126,8.34,637,2056,-0.84,37.10%,8.34,16
,,1.26,D,-2.1,-62.50%,19,63,3.27,17818,3377,0.16,39.99%,1.2,3.86,1.23,Z,1.28,I,4/29/2022,340,16.54,Q,16.87,X,16.12,I,6.54,68.27%,50,131,8.9,3475,21960,-0.86,36.44%,8.3,16.26
,,1.06,Z,-2.04,-65.81%,57,45,3.02,2297,1066,0.14,39.73%,1.05,3.27,1.07,Z,1.11,Z,4/29/2022,341,17.37,E,17.71,X,16.42,I,6.4,63.87%,50,142,9.52,111,1791,-0.88,35.86%,9.04,16.63
,,0.92,I,-1.64,-64.06%,21,64,2.62,1310,2396,0.13,39.44%,0.92,3,0.92,Z,0.96,I,4/29/2022,342,18.22,E,18.57,X,18.43,I,7.23,64.55%,50,173,10.35,1675,2086,-0.9,35.27%,9.59,18.43
,,0.94,Q,-1.74,-64.93%,114,122,2.77,1090,698,0.12,39.35%,0.94,2.78,0.85,Z,0.9,Q,4/29/2022,342.5,18.66,Q,18.98,X,18.1,I,7.33,68.06%,50,135,11.82,85,1500,-0.91,34.80%,11.82,18.1
,,0.78,W,-1.71,-68.67%,128,112,2.25,984,3697,0.11,39.21%,0.78,2.56,0.79,Z,0.83,Z,4/29/2022,343,19.1,E,19.43,X,16.28,C,5.21,47.06%,50,136,10.14,313,7333,-0.91,34.58%,10.14,18
,,0.68,C,-1.31,-65.83%,136,55,1.98,1837,1679,0.1,39.06%,0.65,2.27,0.68,Z,0.72,Z,4/29/2022,344,19.98,E,20.32,X,20.17,I,7.69,61.62%,50,144,11.46,348,4351,-0.93,33.79%,11.46,20.17
,,0.59,Z,-1.14,-65.90%,40,114,1.68,14878,3850,0.09,38.71%,0.56,2,0.58,Z,0.6,N,4/29/2022,345,20.88,E,21.23,X,21.1,I,8.32,65.10%,50,137,12.35,666,6218,-0.94,32.99%,11.8,21.1
,,0.52,X,-0.95,-64.63%,168,218,1.51,2380,3289,0.08,38.65%,0.49,1.71,0.49,X,0.53,Z,4/29/2022,346,21.79,E,22.15,E,20.92,M,7.29,53.48%,158,155,13.09,214,2612,-0.96,31.97%,13.09,20.92
,,0.45,X,-0.79,-63.71%,106,217,1.4,6239,1022,0.07,38.51%,0.44,1.52,0.42,Z,0.45,Z,4/29/2022,347,22.73,C,23.07,X,22.06,I,7.88,55.57%,50,120,14.05,135,1063,-0.97,30.78%,14,22.1
,,0.4,E,-0.8,-66.67%,227,256,1.18,382,1922,0.06,38.52%,0.4,1.37,0.39,Z,0.42,Z,4/29/2022,347.5,23.2,C,23.55,E,22.62,I,8.61,61.46%,157,111,13.53,46,435,-0.97,30.30%,13.53,22.62
,,0.37,C,-0.78,-67.83%,231,260,1.18,1596,2447,0.06,38.49%,0.37,1.27,0.36,Z,0.39,Z,4/29/2022,348,23.66,C,24.01,X,23.13,M,8.18,54.72%,50,126,14.68,129,1650,-0.98,28.82%,14.12,23.13
,,0.35,I,-0.63,-64.29%,267,188,0.96,891,1395,0.05,38.54%,0.35,1.03,0.31,Z,0.34,X,4/29/2022,349,24.61,C,24.95,X,23.74,J,10.41,78.09%,50,120,16.02,66,2540,-0.99,24.96%,16.02,23.74
,,0.29,H,-0.57,-66.28%,259,148,0.82,6455,10468,0.05,38.56%,0.27,0.97,0.27,Q,0.29,Z,4/29/2022,350,25.57,C,25.91,X,25.22,N,8.22,48.35%,50,107,16.4,636,4517,-1,--,15.6,25.22
,,0.23,C,-0.43,-65.15%,290,349,0.68,1947,2042,0.04,38.42%,0.23,0.78,0.22,X,0.25,Z,4/29/2022,351,26.52,C,26.87,X,25.03,M,7.34,41.49%,50,131,18.91,29,324,-1,--,18.91,25.07
,,0.21,X,-0.35,-62.50%,256,305,0.58,767,4431,0.04,38.39%,0.2,0.68,0.19,Z,0.21,Z,4/29/2022,352,27.49,C,27.84,X,26.84,I,8.94,49.94%,50,123,20.2,149,483,-1,--,18.38,26.84
,,0.22,M,-0.32,-59.26%,315,194,0.58,298,1244,0.03,38.58%,0.21,0.63,0.18,Z,0.2,Z,4/29/2022,352.5,27.97,E,28.32,X,21.83,I,2.92,15.44%,50,130,21.51,47,436,-1,--,21.17,21.83
,,0.19,E,-0.31,-62.00%,289,346,0.49,557,973,0.03,38.57%,0.19,0.56,0.16,X,0.19,Q,4/29/2022,353,28.46,C,28.81,X,26.77,P,10.07,60.30%,50,125,19.59,151,488,-1,--,19.59,27.11
,,0.16,M,-0.24,-60.00%,279,335,0.45,362,1004,0.03,38.62%,0.14,0.51,0.14,Z,0.16,Z,4/29/2022,354,29.44,C,29.8,E,28.06,M,7.76,38.23%,156,113,21.7,79,681,-1,--,21.7,28.06
,,0.13,C,-0.22,-62.86%,285,16,0.38,1757,5768,0.02,38.98%,0.12,0.43,0.13,N,0.14,Z,4/29/2022,355,30.42,C,30.78,E,30,Q,9.26,44.65%,147,119,20.96,187,4217,-1,--,20.64,30
,,0.11,W,-0.16,-59.26%,384,441,0.3,929,1273,0.02,38.99%,0.11,0.35,0.1,X,0.13,X,4/29/2022,356,31.4,Z,31.76,E,29.59,W,7.48,33.83%,161,111,23.44,30,611,-1,--,23.35,30
,,0.1,C,-0.16,-61.54%,274,319,0.24,66,1317,0.02,39.15%,0.1,0.28,0.09,Z,0.11,Z,4/29/2022,357,32.39,X,32.73,X,28.78,E,5.65,24.43%,50,50,25.51,46,276,-1,--,25.4,30.96
,,0.11,C,-0.13,-54.17%,320,366,0.18,83,2404,0.02,39.02%,0.11,0.19,0.08,Z,0.1,Z,4/29/2022,357.5,32.89,X,33.24,X,28.95,I,14.09,94.82%,50,50,28.95,15,209,-1,--,28.95,28.95
,,0.08,C,-0.17,-68.00%,350,269,0.21,545,13228,0.02,39.53%,0.08,0.23,0.08,Z,0.1,Q,4/29/2022,358,33.37,X,33.73,X,32.59,M,14.06,75.88%,50,50,25.17,16,544,-1,--,25.17,32.59
,,0.08,X,-0.14,-63.64%,362,407,0.18,76,1631,0.02,39.81%,0.08,0.2,0.07,Z,0.09,Q,4/29/2022,359,34.36,X,34.72,X,32.8,C,9.8,42.61%,50,50,27,65,303,-1,--,27,32.8
,,0.08,M,-0.1,-55.56%,350,411,0.14,1931,40725,0.01,40.00%,0.06,0.2,0.06,Z,0.08,Q,4/29/2022,360,35.36,X,35.7,X,35.58,X,9.42,36.01%,50,50,25.96,207,11720,-1,--,25.67,35.58
,,0.09,P,-0.05,-35.71%,354,309,0.13,96,492,0.01,40.06%,0.09,0.17,0.05,I,0.07,Q,4/29/2022,361,36.35,X,36.69,X,35.74,W,17.4,94.87%,50,50,26.56,20,178,-1,--,26.56,35.77
,,0.07,M,-0.05,-41.67%,459,568,0.11,117,878,0.01,40.53%,0.07,0.14,0.04,X,0.07,X,4/29/2022,362,37.34,X,37.7,X,35.25,N,11.17,46.39%,50,50,27.26,79,1318,-1,--,27.16,35.25
,,0.05,I,-0.06,-54.55%,369,357,0.1,41,422,0.01,40.91%,0.05,0.12,0.04,W,0.06,Q,4/29/2022,363,38.33,X,38.69,X,32.01,I,13.06,68.92%,50,50,29.84,49,500,-1,--,29.84,32.01
,,0.05,C,-0.05,-50.00%,484,525,0.08,176,755,0.01,41.24%,0.05,0.11,0.03,X,0.06,X,4/29/2022,364,39.34,X,39.67,X,37.05,I,15.84,74.68%,50,50,31.93,6,430,-1,--,31.93,37.05
,,0.05,T,-0.04,-44.44%,373,100,0.07,14099,18140,0.01,42.09%,0.03,0.1,0.04,Z,0.05,Q,4/29/2022,365,40.32,X,40.66,X,39.43,M,8.6,27.89%,50,50,30.64,134,950,-1,--,30.64,39.43
,,0.05,H,-0.03,-37.50%,461,176,0.05,23,593,0.01,42.34%,0.05,0.06,0.03,Q,0.05,Q,4/29/2022,366,41.32,X,41.67,X,40.72,N,17.6,76.12%,50,50,37.35,16,405,-1,--,37.35,40.72
,,0.05,H,-0.02,-28.57%,175,601,0.06,10,601,0.01,41.79%,0.05,0.06,0.02,X,0.04,W,4/29/2022,367,42.33,X,42.66,X,40.86,W,8.57,26.54%,50,50,38.5,10,305,-1,--,37.89,40.86
,,0.04,Q,-0.03,-42.86%,277,352,0.05,339,1404,0.01,42.58%,0.04,0.07,0.02,I,0.04,Q,4/29/2022,368,43.33,X,43.67,X,41.66,I,13.81,49.59%,50,50,39.19,31,245,-1,--,38.15,41.66
,,0.04,Z,-0.02,-33.33%,444,464,0.04,46,844,0.01,43.38%,0.04,0.05,0.02,Z,0.04,Q,4/29/2022,369,44.31,X,44.67,X,29.8,C,0,0.00%,50,50,0,0,154,-1,--,0,0
,,0.02,M,-0.04,-66.67%,509,486,0.06,21269,27950,0.01,44.17%,0.02,0.06,0.02,Z,0.04,Q,4/29/2022,370,45.31,X,45.66,X,42.53,E,8.09,23.49%,50,50,35.98,24,511,-1,--,35.98,42.53
,,0.03,E,-0.01,-25.00%,561,5,0.03,37,793,0.01,45.68%,0.03,0.03,0.03,P,0.04,X,4/29/2022,371,46.31,X,46.67,X,33,Z,0,0.00%,50,50,0,0,412,-1,--,0,0
,,0.03,C,-0.02,-40.00%,387,1,0.04,12,1609,0,44.87%,0.03,0.04,0.02,Q,0.03,Q,4/29/2022,372,47.31,X,47.67,X,33.55,N,0,0.00%,50,50,0,0,167,-1,--,0,0
,,0.03,H,0,0.00%,394,514,0.04,83,434,0,44.60%,0.03,0.04,0.01,Z,0.03,Q,4/29/2022,373,48.31,X,48.68,X,43.59,W,9.11,26.42%,50,50,43.59,1,78,-1,--,43.59,43.59
,,0.02,X,-0.01,-33.33%,438,17,0.03,32,595,0,46.36%,0.02,0.04,0.02,P,0.03,Q,4/29/2022,374,49.31,X,49.66,X,30.93,J,0,0.00%,50,50,0,0,111,-1,--,0,0
,,0.02,I,-0.01,-33.33%,480,428,0.06,68,4217,0,46.02%,0.02,0.06,0.01,Q,0.03,Q,4/29/2022,375,50.3,X,50.66,X,41.03,Q,0,0.00%,50,50,0,0,143,-1,--,0,0
,,0.02,I,0,0.00%,520,222,0,0,1030,0,46.80%,0,0,0.01,W,0.03,Q,4/29/2022,376,51.3,X,51.66,X,35.78,A,0,0.00%,50,50,0,0,46,-1,--,0,0
,,0.05,X,0,0.00%,556,195,0,0,386,0,47.67%,0,0,0.01,X,0.03,Q,4/29/2022,377,52.3,X,52.67,X,50,I,16.01,47.10%,50,50,50,5,90,-1,--,50,50
,,0.04,W,0,0.00%,531,197,0,0,3157,0,48.37%,0,0,0.01,W,0.03,Q,4/29/2022,378,53.31,X,53.64,X,38.48,C,0,0.00%,50,50,0,0,27,-1,--,0,0
,,0.01,C,-0.01,-50.00%,358,343,0.03,23,594,0,47.80%,0.01,0.03,0.01,Z,0.02,Z,4/29/2022,379,54.3,X,54.64,X,49.6,X,16.73,50.90%,50,50,49.69,6,12,-1,--,49.56,49.69
,,0.02,X,0,0.00%,336,184,0.03,93,4741,0,48.46%,0.01,0.03,0.01,Z,0.02,Z,4/29/2022,380,55.29,X,55.65,X,54.91,N,9.39,20.63%,50,50,54.91,1,134,-1,--,54.91,54.91
,,0.06,D,0,0.00%,200,0,0,0,51,0,47.45%,0,0,0,Z,0.02,Q,4/29/2022,381,56.31,X,56.65,X,34.84,N,0,0.00%,50,50,0,0,2,-1,--,0,0
,,0.02,H,0,0.00%,227,0,0,0,965,0,48.11%,0,0,0,J,0.02,W,4/29/2022,382,57.31,X,57.65,X,54.64,E,17.56,47.36%,50,50,54.67,2,23,-1,--,54.64,54.67
,,0.01,Q,-0.01,-50.00%,249,0,0.02,11,198,0,48.75%,0.01,0.02,0,M,0.02,W,4/29/2022,383,58.29,X,58.65,X,39.9,P,0,0.00%,50,50,0,0,0,-1,--,0,0
,,0.02,X,0,0.00%,270,1,0,0,154,0,51.30%,0,0,0.01,Z,0.02,W,4/29/2022,384,59.29,X,59.65,X,42.81,W,0,0.00%,50,50,0,0,81,-1,--,0,0
,,0.01,I,0,0.00%,289,1,0.01,32,3413,0,52.01%,0.01,0.03,0.01,N,0.02,W,4/29/2022,385,60.29,X,60.65,X,52.53,D,12.37,30.80%,50,50,52.9,4,51,-1,--,52.53,52.9
,,0.03,P,0,0.00%,446,0,0,0,2741,0,50.83%,0,0,0,M,0.02,X,4/29/2022,386,61.29,X,61.66,X,45.81,M,0,0.00%,50,50,0,0,5,-1,--,0,0
,,0.04,X,0,0.00%,464,0,0,0,161,0,51.52%,0,0,0,M,0.02,X,4/29/2022,387,62.29,X,62.63,X,32,Z,0,0.00%,50,50,0,0,1,-1,--,0,0
,,0.02,Z,0,0.00%,480,0,0,0,263,0,52.16%,0,0,0,M,0.02,X,4/29/2022,388,63.29,X,63.63,X,43,B,0,0.00%,50,50,0,0,9,-1,--,0,0
,,0.01,N,-0.01,-50.00%,494,0,0.02,5,209,0,52.83%,0.01,0.02,0,M,0.02,X,4/29/2022,389,64.29,X,64.64,X,36.78,I,0,0.00%,50,50,0,0,1,-1,--,0,0
,,0.02,I,0.01,100.00%,564,0,0.01,15,1158,0,53.50%,0.01,0.02,0,M,0.02,W,4/29/2022,390,65.3,X,65.64,X,44.62,C,0,0.00%,50,50,0,0,337,-1,--,0,0
,,0.02,T,0,0.00%,522,0,0,0,1852,0,54.17%,0,0,0,M,0.02,X,4/29/2022,391,66.3,X,66.64,X,27.15,D,0,0.00%,50,50,0,0,0,-1,--,0,0
,,0.01,P,-0.01,-50.00%,534,0,0.01,3,377,0,54.84%,0.01,0.01,0,M,0.02,X,4/29/2022,392,67.29,X,67.64,X,49.02,C,0,0.00%,50,50,0,0,0,-1,--,0,0
,,0.01,T,-0.01,-50.00%,547,0,0.01,1,2,0,55.50%,0.01,0.01,0,M,0.02,X,4/29/2022,393,68.29,X,68.64,X,0,,0,N/A,50,50,0,0,0,-1,--,0,0
,,0.01,A,-0.02,-66.67%,557,0,0.01,1,145,0,56.39%,0.01,0.01,0,M,0.02,X,4/29/2022,394,69.29,X,69.64,X,51.45,I,0,0.00%,50,50,0,0,1,-1,--,0,0
,,0.01,I,0,0.00%,622,0,0.01,14,251,0,57.03%,0.01,0.01,0,J,0.02,W,4/29/2022,395,70.28,X,70.64,X,53.23,C,0,0.00%,50,50,0,0,0,-1,--,0,0
,,0.04,B,0,0.00%,579,0,0,0,162,0,57.67%,0,0,0,M,0.02,X,4/29/2022,396,71.29,X,71.64,X,45.05,E,0,0.00%,50,50,0,0,0,-1,--,0,0
,,0.02,C,0,0.00%,602,0,0,0,371,0,58.94%,0,0,0,M,0.02,X,4/29/2022,398,73.29,X,73.64,X,0,,0,N/A,50,50,0,0,0,-1,--,0,0
,,0.01,I,0,0.00%,39,0,0.01,19,1519,0,56.74%,0.01,0.01,0,N,0.01,Z,4/29/2022,400,75.28,X,75.65,X,58.12,E,0,0.00%,50,50,0,0,5,-1,--,0,0
,,0.01,I,0,0.00%,630,0,0,0,169,0,61.48%,0,0,0,M,0.02,X,4/29/2022,402,77.29,X,77.64,X,49.3,D,0,0.00%,50,50,0,0,0,-1,--,0,0
,,0.01,H,0,0.00%,216,0,0,0,101,0,59.19%,0,0,0,M,0.01,W,4/29/2022,404,79.29,X,79.64,X,67.93,C,0,0.00%,50,50,0,0,0,-1,--,0,0
,,0.01,M,0,0.00%,216,0,0.01,16,445,0,59.79%,0.01,0.01,0,Z,0.01,W,4/29/2022,405,80.28,X,80.65,X,50.74,A,0,0.00%,50,50,0,0,0,-1,--,0,0
,,0.02,P,0,0.00%,217,0,0,0,122,0,60.40%,0,0,0,Z,0.01,W,4/29/2022,406,81.29,X,81.64,X,0,,0,N/A,50,50,0,0,0,-1,--,0,0
,,0.01,Q,0,0.00%,218,0,0,0,296,0,62.80%,0,0,0,H,0.01,W,4/29/2022,410,85.29,X,85.63,X,65.51,E,0,0.00%,50,50,0,0,10,-1,--,0,0
,,0.01,Z,0,0.00%,253,0,0,0,38,0,65.76%,0,0,0,Z,0.01,W,4/29/2022,415,90.28,X,90.64,X,61.98,N,0,0.00%,50,50,0,0,0,-1,--,0,0
,,0.01,A,0,0.00%,282,0,0,0,104,0,68.67%,0,0,0,M,0.01,W,4/29/2022,420,95.28,X,95.64,X,85.06,X,0,0.00%,50,50,0,0,0,-1,--,0,0
,,0.08,C,0,0.00%,308,0,0,0,0,0,71.53%,0,0,0,Z,0.01,W,4/29/2022,425,100.28,Z,100.69,N,64.2,N,0,0.00%,8,11,0,0,2,-1,--,0,0
,,0.01,H,0,0.00%,328,0,0,0,25,0,74.35%,0,0,0,M,0.01,W,4/29/2022,430,105.28,Z,105.68,N,0,,0,N/A,8,11,0,0,0,-1,--,0,0
,,0,,0,N/A,344,0,0,0,0,0,77.13%,0,0,0,Z,0.01,W,4/29/2022,435,110.28,Z,110.68,N,82,C,0,0.00%,8,11,0,0,10,-1,--,0,0
,,0.01,X,0,0.00%,358,0,0,0,240,0,79.87%,0,0,0,M,0.01,W,4/29/2022,440,115.28,N,115.69,Z,106.85,C,0,0.00%,11,8,0,0,11,-1,--,0,0
2 MAY 22  (8)  100 (Weeklys),,,,,,,,,,,,,,,,,,,,,,,,,,,,,,,,,,,,,
4 MAY 22  (10)  100 (Weeklys),,,,,,,,,,,,,,,,,,,,,,,,,,,,,,,,,,,,,
6 MAY 22  (12)  100 (Weeklys),,,,,,,,,,,,,,,,,,,,,,,,,,,,,,,,,,,,,
9 MAY 22  (15)  100 (Weeklys),,,,,,,,,,,,,,,,,,,,,,,,,,,,,,,,,,,,,
11 MAY 22  (17)  100 (Weeklys),,,,,,,,,,,,,,,,,,,,,,,,,,,,,,,,,,,,,
13 MAY 22  (19)  100 (Weeklys),,,,,,,,,,,,,,,,,,,,,,,,,,,,,,,,,,,,,
16 MAY 22  (22)  100 (Weeklys),,,,,,,,,,,,,,,,,,,,,,,,,,,,,,,,,,,,,
18 MAY 22  (24)  100 (Weeklys),,,,,,,,,,,,,,,,,,,,,,,,,,,,,,,,,,,,,
20 MAY 22  (26)  100,,,,,,,,,,,,,,,,,,,,,,,,,,,,,,,,,,,,,
23 MAY 22  (29)  100 (Weeklys),,,,,,,,,,,,,,,,,,,,,,,,,,,,,,,,,,,,,
25 MAY 22  (31)  100 (Weeklys),,,,,,,,,,,,,,,,,,,,,,,,,,,,,,,,,,,,,
27 MAY 22  (33)  100 (Weeklys),,,,,,,,,,,,,,,,,,,,,,,,,,,,,,,,,,,,,
31 MAY 22  (37)  100,,,,,,,,,,,,,,,,,,,,,,,,,,,,,,,,,,,,,
3 JUN 22  (40)  100 (Weeklys),,,,,,,,,,,,,,,,,,,,,,,,,,,,,,,,,,,,,
17 JUN 22  (54)  100,,,,,,,,,,,,,,,,,,,,,,,,,,,,,,,,,,,,,
30 JUN 22  (67)  100 (Quarterlys),,,,,,,,,,,,,,,,,,,,,,,,,,,,,,,,,,,,,
15 JUL 22  (82)  100,,,,,,,,,,,,,,,,,,,,,,,,,,,,,,,,,,,,,
19 AUG 22  (117)  100,,,,,,,,,,,,,,,,,,,,,,,,,,,,,,,,,,,,,
16 SEP 22  (145)  100,,,,,,,,,,,,,,,,,,,,,,,,,,,,,,,,,,,,,
30 SEP 22  (159)  100 (Quarterlys),,,,,,,,,,,,,,,,,,,,,,,,,,,,,,,,,,,,,
16 DEC 22  (236)  100,,,,,,,,,,,,,,,,,,,,,,,,,,,,,,,,,,,,,
30 DEC 22  (250)  100 (Quarterlys),,,,,,,,,,,,,,,,,,,,,,,,,,,,,,,,,,,,,
20 JAN 23  (271)  100,,,,,,,,,,,,,,,,,,,,,,,,,,,,,,,,,,,,,
17 MAR 23  (327)  100,,,,,,,,,,,,,,,,,,,,,,,,,,,,,,,,,,,,,
31 MAR 23  (341)  100 (Quarterlys),,,,,,,,,,,,,,,,,,,,,,,,,,,,,,,,,,,,,
16 JUN 23  (418)  100,,,,,,,,,,,,,,,,,,,,,,,,,,,,,,,,,,,,,
15 DEC 23  (600)  100,,,,,,,,,,,,,,,,,,,,,,,,,,,,,,,,,,,,,
19 JAN 24  (635)  100,,,,,,,,,,,,,,,,,,,,,,,,,,,,,,,,,,,,,
